Date,Open,High,Low,Close,Volume,Ticker
2015-01-01,189.65744608147511,190.8771706719807,189.0903658533578,189.99981689453125,2963643,RELIANCE.NS
2015-01-02,190.04261601795088,191.74382815812206,189.22947104058622,189.4969482421875,7331366,RELIANCE.NS
2015-01-05,189.37925486692558,190.6417900892634,187.04678228843514,187.4212646484375,10103941,RELIANCE.NS
2015-01-06,186.1694170073948,186.8113764752529,178.0378685150495,178.91522216796875,18627980,RELIANCE.NS
2015-01-07,179.12924348261123,183.77277619196656,179.1078453068099,182.80982971191406,20720312,RELIANCE.NS
2015-01-08,184.0509160030909,184.65009337577894,179.78186650077416,180.18844604492188,19872227,RELIANCE.NS
2015-01-09,181.54729564096232,184.457533275433,180.81974337459295,184.09375,13392787,RELIANCE.NS
2015-01-12,184.13657345955565,184.2435643466936,180.09220364975974,181.95388793945312,10100113,RELIANCE.NS
2015-01-13,182.53163606142144,182.94891476700133,179.85679270891694,180.42385864257812,9948711,RELIANCE.NS
2015-01-14,180.39177025551925,181.24772588423613,177.86671400685174,178.66917419433594,11380041,RELIANCE.NS
2015-01-15,179.74980999523677,186.40482855783029,179.74980999523677,184.9390106201172,16927085,RELIANCE.NS
2015-01-16,184.02957566951957,187.23940240389092,182.32837764229646,186.1052703857422,19136963,RELIANCE.NS
2015-01-19,186.21222096929463,189.5932181135974,183.76205866343602,188.23440551757812,13339962,RELIANCE.NS
2015-01-20,188.6303094395571,193.77671368739692,188.0632291983135,193.2417449951172,13361320,RELIANCE.NS
2015-01-21,193.6589944954715,195.0285061417366,190.88784537432815,194.03346252441406,17084297,RELIANCE.NS
2015-01-22,193.69110862891478,194.12978549981565,188.20231962566118,189.1117706298828,23721627,RELIANCE.NS
2015-01-23,190.44921596954416,192.11831673911712,187.66738135358918,189.78585815429688,18080494,RELIANCE.NS
2015-01-27,191.06973937499922,191.88289856167683,188.41629435796523,190.2458953857422,17939876,RELIANCE.NS
2015-01-28,189.61460599405672,194.6861300041943,189.61460599405672,194.0548553466797,19298126,RELIANCE.NS
2015-01-29,194.10838906537893,199.97166089874776,194.0655927119526,198.8803253173828,36117653,RELIANCE.NS
2015-01-30,199.00868756270236,199.27617902007137,194.5149424979657,195.8523712158203,21746801,RELIANCE.NS
2015-02-02,196.0235575345849,196.8474157999274,193.80878939472262,194.31166076660156,19302710,RELIANCE.NS
2015-02-03,195.41372784477915,201.3304953363109,195.41372784477915,200.63504028320312,17092333,RELIANCE.NS
2015-02-04,200.9559917954961,201.96173460093706,198.13136124086165,198.75192260742188,14072894,RELIANCE.NS
2015-02-05,200.2926304255329,201.1271735293087,196.3552519765529,197.66058349609375,12365643,RELIANCE.NS
2015-02-06,197.74614559721587,199.00866628719777,193.23100284135162,194.70751953125,9045844,RELIANCE.NS
2015-02-09,192.84583515065205,196.4408282162597,190.87714609111782,191.8828887939453,8839692,RELIANCE.NS
2015-02-10,192.1611129679973,193.5520230294048,184.30775352810963,188.7373046875,13651008,RELIANCE.NS
2015-02-11,189.5932293784795,193.60551573745482,188.95126984622166,192.73886108398438,9781008,RELIANCE.NS
2015-02-12,194.30096384372987,195.5741837758089,189.86071414308964,194.5470428466797,8709626,RELIANCE.NS
2015-02-13,195.58489758339235,197.040016389926,194.52565931328633,196.3338623046875,7393680,RELIANCE.NS
2015-02-16,196.59064338814545,197.76758592734356,192.58907018076474,193.18824768066406,12266698,RELIANCE.NS
2015-02-18,192.58905451039527,194.30096559739172,191.3907281770942,192.942138671875,9835036,RELIANCE.NS
2015-02-19,194.07627964075965,194.215382065177,189.92491934252845,193.02774047851562,9550637,RELIANCE.NS
2015-02-20,191.57261851615772,191.73311911328037,186.44761275465314,186.83279418945312,18717199,RELIANCE.NS
2015-02-23,186.15875879877476,187.61387772073877,181.26913240018587,182.19998168945312,14104463,RELIANCE.NS
2015-02-24,182.79912599269178,183.34479374629717,179.10784076900913,180.06007385253906,19946218,RELIANCE.NS
2015-02-25,181.6328984084374,183.28060077082046,179.97448267383797,180.42385864257812,15274116,RELIANCE.NS
2015-02-26,181.05510429838532,181.88966164130656,179.02222065980368,180.17776489257812,21459750,RELIANCE.NS
2015-02-27,181.36541927892418,184.2435597785605,180.73415877596406,183.0773162841797,18659378,RELIANCE.NS
2015-03-02,185.95545256868127,187.34637688895236,183.07731213428505,184.9390106201172,14579511,RELIANCE.NS
2015-03-03,185.9554639262373,193.9693100339436,185.6130930827343,192.76028442382812,20636925,RELIANCE.NS
2015-03-04,193.8730192954161,194.6540813554282,188.3200350174809,189.9891357421875,14476047,RELIANCE.NS
2015-03-05,190.98415056690584,192.3215793319759,187.9134268069372,189.36854553222656,10716702,RELIANCE.NS
2015-03-09,189.40063069312518,190.8236520656184,184.91758484346377,186.09451293945312,14065391,RELIANCE.NS
2015-03-10,185.94473446187305,187.41055224966092,183.04519614763234,183.84765625,15234060,RELIANCE.NS
2015-03-11,184.2328554743766,186.08384057706047,182.40325426348716,183.1629180908203,11635873,RELIANCE.NS
2015-03-12,183.6015896445869,185.613075295397,183.08800485955376,184.84271240234375,11782380,RELIANCE.NS
2015-03-13,185.95544114677145,186.08383019735746,181.24771406482,181.91107177734375,12936157,RELIANCE.NS
2015-03-16,182.21067397823188,182.73494359136333,179.8140067677036,180.19918823242188,13839990,RELIANCE.NS
2015-03-17,182.00737132545729,184.00815792038017,179.96378837851435,183.35549926757812,19070082,RELIANCE.NS
2015-03-18,183.38758023432382,186.65090177732299,182.8954079453352,185.8805389404297,9269885,RELIANCE.NS
2015-03-19,187.3570483646431,187.60312735711426,182.76701164027128,183.2056884765625,13934612,RELIANCE.NS
2015-03-20,183.58015842661288,184.27562763376545,181.59007115481376,182.7670135498047,10405717,RELIANCE.NS
2015-03-23,183.28058850662916,184.88549441073982,179.34321021313397,180.1670684814453,13251683,RELIANCE.NS
2015-03-24,180.19919731927118,182.80984642823537,180.19919731927118,181.45101928710938,9238431,RELIANCE.NS
2015-03-25,181.67569360019246,181.78268447671076,179.9637824379149,180.79833984375,10264941,RELIANCE.NS
2015-03-26,179.98516947747746,181.72917779480818,176.3473799094531,177.46011352539062,20621346,RELIANCE.NS
2015-03-27,178.4444625104279,178.6798567145218,171.50055489934067,173.69393920898438,23326922,RELIANCE.NS
2015-03-30,174.74249782300674,174.97787776886372,170.43063661796947,173.49066162109375,17330588,RELIANCE.NS
2015-03-31,175.04205615338952,178.23048420828187,175.04205615338952,176.75396728515625,20235395,RELIANCE.NS
2015-04-01,176.51857308913966,179.53580146037353,173.99351702564954,178.904541015625,14588531,RELIANCE.NS
2015-04-06,178.89382137027428,179.32179910406478,175.76960248344625,176.46505737304688,12334096,RELIANCE.NS
2015-04-07,176.76469909764015,178.91527321345652,176.76469909764015,178.21981811523438,21275454,RELIANCE.NS
2015-04-08,178.35884563851613,186.06240168506417,178.23045660886376,185.29205322265625,24821205,RELIANCE.NS
2015-04-09,185.20649592340592,192.37508476493576,183.77277529820066,191.54052734375,27276420,RELIANCE.NS
2015-04-10,191.50844219771332,194.4721754262888,190.25662027122334,193.51992797851562,25323219,RELIANCE.NS
2015-04-13,194.04416485460746,197.88525126306965,192.32156903919247,197.40377807617188,20177342,RELIANCE.NS
2015-04-15,197.082837304697,201.0630127718253,194.12981725651957,197.64991760253906,22231264,RELIANCE.NS
2015-04-16,197.83176610044086,200.72060537180948,196.65483793114063,198.65562438964844,20177302,RELIANCE.NS
2015-04-17,200.08934909007345,202.06873755641382,197.4252046905088,198.33465576171875,23958678,RELIANCE.NS
2015-04-20,200.57081298131627,200.6029102446017,187.98832866102612,189.51834106445312,37628162,RELIANCE.NS
2015-04-21,190.48127236104125,191.6261175138616,186.69369560355148,187.5496368408203,17707007,RELIANCE.NS
2015-04-22,188.71588864090145,189.75372868672946,185.52746060719113,188.2558135986328,14761313,RELIANCE.NS
2015-04-23,189.13315821919477,190.32078543125138,185.96612851288523,187.67803955078125,13337818,RELIANCE.NS
2015-04-24,187.66734825610772,189.261555120083,185.88054353589987,188.07391357421875,12709854,RELIANCE.NS
2015-04-27,188.32001551936776,189.91422245658853,186.47971527801417,187.30357360839844,11042925,RELIANCE.NS
2015-04-28,187.17517189242346,188.73728146053793,183.71926677201776,185.1422882080078,14687371,RELIANCE.NS
2015-04-29,184.45750051643367,186.28710137214009,181.33328167743886,181.8896484375,16387960,RELIANCE.NS
2015-04-30,181.88967880413526,185.29208873344288,181.45100191759124,184.5324249267578,34802149,RELIANCE.NS
2015-05-04,185.35629051306788,191.28375683052093,184.13656588090103,190.65249633789062,15078502,RELIANCE.NS
2015-05-05,191.24095725562034,192.97425238020904,189.40065696560288,190.90927124023438,17846755,RELIANCE.NS
2015-05-06,190.44917202037573,191.89359158330777,186.59738651922365,188.36279296875,22438208,RELIANCE.NS
2015-05-07,187.23937655771732,187.977627891172,184.0295502664244,186.32992553710938,16735535,RELIANCE.NS
2015-05-08,188.73167187394108,193.6612345695272,186.5865046224876,192.78366088867188,17104443,RELIANCE.NS
2015-05-11,193.4662400168806,194.89635656004143,191.41857742185712,194.13796997070312,14214007,RELIANCE.NS
2015-05-12,193.91042241484035,193.91042241484035,187.4640864930345,188.23330688476562,16650201,RELIANCE.NS
2015-05-13,189.24090567753933,192.55617645946668,185.7414588105762,191.7869415283203,16701434,RELIANCE.NS
2015-05-14,191.9819387909339,192.02528880195328,188.580011599853,190.29180908203125,12329713,RELIANCE.NS
2015-05-15,191.09354117897246,192.1877926328846,188.53667166955964,189.3708953857422,8331715,RELIANCE.NS
2015-05-18,189.57673939051065,193.7153993934626,188.9916951053377,193.1845245361328,9847540,RELIANCE.NS
2015-05-19,193.11955678939376,196.04479321846367,192.11197631701208,194.05130004882812,14513036,RELIANCE.NS
2015-05-20,195.10221141468998,197.3990533812929,194.51715257126492,196.9331817626953,8708891,RELIANCE.NS
2015-05-21,197.45322393762726,198.3524655180063,193.7370993195459,194.31130981445312,10759523,RELIANCE.NS
2015-05-22,194.36550631117098,196.2289930555673,194.36550631117098,195.84979248046875,8349048,RELIANCE.NS
2015-05-25,195.0155174676145,196.74899721981475,193.35788938775943,193.82376098632812,6617337,RELIANCE.NS
2015-05-26,193.9321105709988,194.14880278423198,191.2669019388558,191.67860412597656,9510249,RELIANCE.NS
2015-05-27,191.98196618261687,193.04373061801746,190.72520622438222,191.83029174804688,8078236,RELIANCE.NS
2015-05-28,191.94945886947653,193.76960988863482,188.94838514412015,189.77178955078125,26538868,RELIANCE.NS
2015-05-29,190.6601945267315,192.07947720989407,189.18674240502867,190.0318145751953,29277517,RELIANCE.NS
2015-06-01,190.68184205932695,196.07727667431817,190.24847213254222,195.5030517578125,19594976,RELIANCE.NS
2015-06-02,196.2614625637377,199.08917941915018,193.16288406635942,194.72300720214844,20178960,RELIANCE.NS
2015-06-03,194.7988503909652,197.2798829353339,192.52367617228163,194.22463989257812,15546279,RELIANCE.NS
2015-06-04,195.92557655252773,198.5257814995245,193.40120880708358,197.76739501953125,15931395,RELIANCE.NS
2015-06-05,197.1606805139411,198.68830180551305,195.9797435680533,196.69480895996094,13066337,RELIANCE.NS
2015-06-08,196.48897776595527,197.18237548189444,191.35357054253797,191.86277770996094,10846953,RELIANCE.NS
2015-06-09,191.45105016212818,192.98950534785817,190.10761938637174,191.4835662841797,9153355,RELIANCE.NS
2015-06-10,191.98195861774076,197.1607160745957,191.7652808626073,196.27230834960938,13509379,RELIANCE.NS
2015-06-11,196.31562680186408,197.07402780771488,189.3058995312586,190.06430053710938,14676438,RELIANCE.NS
2015-06-12,190.46519625076468,193.43375398751428,190.3026734606885,192.8162078857422,21543824,RELIANCE.NS
2015-06-15,193.91044363539274,196.09896122972717,192.84869373291542,195.3947296142578,12858570,RELIANCE.NS
2015-06-16,194.7988456845262,196.0989555384121,193.54208584379182,195.87142944335938,13929305,RELIANCE.NS
2015-06-17,196.10978017945774,204.1920910592102,193.71541890528601,201.77606201171875,26232634,RELIANCE.NS
2015-06-18,202.06860423212302,212.78362333916223,202.05777034400052,212.12274169921875,49366799,RELIANCE.NS
2015-06-19,212.8919463822164,218.07068881234696,212.8919463822164,215.95802307128906,45710935,RELIANCE.NS
2015-06-22,216.02303935867965,218.56907518026225,213.75868460509787,214.8854522705078,19394187,RELIANCE.NS
2015-06-23,215.09127201873608,217.26894096591192,214.7337393157259,215.60047912597656,16007498,RELIANCE.NS
2015-06-24,215.60053550012688,218.08156836895873,213.79121820441912,214.71212768554688,18603004,RELIANCE.NS
2015-06-25,213.86704970264185,218.63409052655854,213.4336797251095,217.6698455810547,27175118,RELIANCE.NS
2015-06-26,216.66222990630348,219.73914033629006,215.68715123128982,216.83558654785156,20966796,RELIANCE.NS
2015-06-29,214.06204961157323,215.35132559568137,210.61677219354266,214.70126342773438,20168946,RELIANCE.NS
2015-06-30,214.4954108840201,217.30145990780647,214.08370871818144,216.70558166503906,23184864,RELIANCE.NS
2015-07-01,216.90063782776522,218.94830060520266,216.90063782776522,217.90821838378906,14824266,RELIANCE.NS
2015-07-02,218.63408957343708,220.96344776834275,218.22238737335263,219.0349578857422,15931202,RELIANCE.NS
2015-07-03,218.79657650067608,219.67415025395047,217.34479228676173,218.24403381347656,13831096,RELIANCE.NS
2015-07-06,215.83886215863217,220.7792448905271,215.64383772501822,220.05335998535156,12237733,RELIANCE.NS
2015-07-07,219.06741824114746,220.28084237256604,216.68389105678932,217.38812255859375,11294999,RELIANCE.NS
2015-07-08,215.7846665677699,218.5690622076381,214.8746056299282,215.9471893310547,15190654,RELIANCE.NS
2015-07-09,215.8171921861465,216.9006243586044,213.03281070164255,213.95372009277344,16245867,RELIANCE.NS
2015-07-10,214.7554200222971,217.5506495696996,214.5712439489247,217.07394409179688,16110573,RELIANCE.NS
2015-07-13,217.07396088166902,219.3924851304981,215.6330104498397,218.20071411132812,9860248,RELIANCE.NS
2015-07-14,218.61242505950358,219.17580169690413,215.64385297685726,216.2072296142578,9942927,RELIANCE.NS
2015-07-15,216.62976160109218,219.8041774944296,216.58642605014992,219.09996032714844,13532911,RELIANCE.NS
2015-07-16,219.2841188295931,222.70772833070598,219.09994275286152,221.81932067871094,14854295,RELIANCE.NS
2015-07-17,222.15519072462945,223.4336183331038,220.5842336995889,221.38595581054688,10195142,RELIANCE.NS
2015-07-20,222.7077413431539,223.17361297010467,220.56257376036214,222.04685974121094,6348354,RELIANCE.NS
2015-07-21,222.75104351160772,222.84854848449172,217.27977203508985,218.3740234375,7923338,RELIANCE.NS
2015-07-22,217.76733847386492,228.37401782070467,217.68066737606725,227.60479736328125,17309440,RELIANCE.NS
2015-07-23,228.27651096672008,231.38592336156816,225.61130240891728,226.4997100830078,18642915,RELIANCE.NS
2015-07-24,227.08477677024987,227.44229508087443,221.25597134460705,222.11187744140625,13099664,RELIANCE.NS
2015-07-27,222.07936569929836,223.16278339914993,217.0631310452782,217.8431854248047,20118553,RELIANCE.NS
2015-07-28,218.4824016823122,220.30253811049852,216.70558633810427,218.90493774414062,13382878,RELIANCE.NS
2015-07-29,218.74243629922108,219.43583407091552,214.97214196545457,215.81719970703125,14790821,RELIANCE.NS
2015-07-30,216.70559677642885,218.41740888042105,215.0154669121734,216.7164306640625,11701228,RELIANCE.NS
2015-07-31,216.68394002230616,218.39575221336585,214.51710452749003,217.08480834960938,16634259,RELIANCE.NS
2015-08-03,216.90060000419717,219.68498117606046,216.5539011693605,217.21478271484375,9887787,RELIANCE.NS
2015-08-04,217.42064814211562,217.90818751837557,212.35024441479956,214.08370971679688,12006872,RELIANCE.NS
2015-08-05,214.13787988528327,216.85727230051697,213.2386383381826,214.029541015625,14345010,RELIANCE.NS
2015-08-06,214.73378105909532,214.95047328601572,211.80855894366584,212.12274169921875,8708037,RELIANCE.NS
2015-08-07,212.13357724809242,215.38384496158326,211.73270891995094,213.2928466796875,8608888,RELIANCE.NS
2015-08-10,213.32534264098098,214.25707146637154,208.99165729367922,209.945068359375,9288894,RELIANCE.NS
2015-08-11,210.40011392792428,210.97432447335007,207.58321617792456,209.3166961669922,8762464,RELIANCE.NS
2015-08-12,208.79662330043806,209.31666432515416,203.80205690004166,204.31126403808594,9650325,RELIANCE.NS
2015-08-13,205.19969682896408,206.7056506543639,201.38605253722986,202.24195861816406,9340350,RELIANCE.NS
2015-08-14,203.73708183712884,210.61678886600288,202.44780575096138,209.5225372314453,12739366,RELIANCE.NS
2015-08-17,209.3166590389366,209.3166590389366,204.993808185834,206.0013885498047,10857430,RELIANCE.NS
2015-08-18,207.14982656076893,207.14982656076893,204.15960134533572,204.5712890625,6630334,RELIANCE.NS
2015-08-19,204.54960976520962,208.23323248887783,203.5636971480745,206.84646606445312,8877298,RELIANCE.NS
2015-08-20,208.00571234605115,208.00571234605115,197.9949121712965,198.54745483398438,19008087,RELIANCE.NS
2015-08-21,197.18239358168165,197.5940958012236,194.36549583910647,196.73818969726562,20050521,RELIANCE.NS
2015-08-24,190.6818473899387,190.6818473899387,177.24743714191817,179.75013732910156,35635706,RELIANCE.NS
2015-08-25,182.1986656886669,186.48901500939655,178.3742024257681,183.78045654296875,49504268,RELIANCE.NS
2015-08-26,183.70463674068475,189.5551096965712,182.01450685907002,184.91807556152344,18955515,RELIANCE.NS
2015-08-27,187.82161864741838,190.952698806604,185.70895280472413,188.33082580566406,26997546,RELIANCE.NS
2015-08-28,189.59844131277868,191.33190670939808,187.66995147632863,189.03506469726562,10770215,RELIANCE.NS
2015-08-31,189.13258245948012,189.13258245948012,185.0047553197735,185.4597930908203,20708942,RELIANCE.NS
2015-09-01,185.02638818121142,185.02638818121142,180.95273125147588,181.9819793701172,21645696,RELIANCE.NS
2015-09-02,184.1813215070348,185.719776786823,182.5778629081036,184.0838165283203,19652369,RELIANCE.NS
2015-09-03,185.05889951193842,186.51068373301473,182.96790150674747,185.01556396484375,11659978,RELIANCE.NS
2015-09-04,184.11632291823486,184.11632291823486,178.78589150241112,181.12608337402344,16199949,RELIANCE.NS
2015-09-07,181.63528233041902,182.88122264990997,179.34927446033484,180.54103088378906,10234633,RELIANCE.NS
2015-09-08,181.14776348148376,184.82055260877092,178.78590367545448,183.8779754638672,12900468,RELIANCE.NS
2015-09-09,186.5648612324831,190.4001585674475,184.2896725893102,189.392578125,17340694,RELIANCE.NS
2015-09-10,186.56486429745576,188.62336076513685,185.37309328784568,187.86495971679688,11074406,RELIANCE.NS
2015-09-11,188.9483629074899,189.83677053678613,185.52476795831817,186.55401611328125,10634833,RELIANCE.NS
2015-09-14,186.72738106652122,187.58328714040942,184.59304729022588,187.1824188232422,7964072,RELIANCE.NS
2015-09-15,186.7815420458562,188.51502189093662,185.39476106268572,187.86495971679688,11509788,RELIANCE.NS
2015-09-16,188.97007618143584,190.10766338913294,187.47495619308776,189.0675811767578,13424811,RELIANCE.NS
2015-09-18,190.34598024990214,194.90717674620063,190.06429919475207,194.01878356933594,34261453,RELIANCE.NS
2015-09-21,190.68185905070663,192.4586599979373,189.82595300742656,190.27015686035156,12732187,RELIANCE.NS
2015-09-22,190.68186148180067,191.74361140156037,182.9895842751388,183.72630310058594,15745524,RELIANCE.NS
2015-09-23,182.66453167989417,185.65477110929467,182.01448403225382,184.2571563720703,15221260,RELIANCE.NS
2015-09-24,183.7479682552496,183.7479682552496,180.8769157435693,181.44029235839844,29076982,RELIANCE.NS
2015-09-28,181.97117490314173,182.2095204382385,179.56597945390632,180.76856994628906,11624639,RELIANCE.NS
2015-09-29,179.8476583991511,184.23549833313385,179.00258628744294,182.177001953125,15853471,RELIANCE.NS
2015-09-30,184.39802598306673,187.3882511851364,181.68946738490803,186.84654235839844,17292020,RELIANCE.NS
2015-10-01,189.37090407971954,189.37090407971954,186.0448140197395,187.3665771484375,8663393,RELIANCE.NS
2015-10-05,186.95490489445058,192.84869895510033,186.74904656219013,192.4153289794922,16015412,RELIANCE.NS
2015-10-06,194.07296126936302,195.12387725650683,191.92777928181454,194.59300231933594,12330294,RELIANCE.NS
2015-10-07,193.86712204792647,198.92669251255052,193.06539985181988,198.0057830810547,11515191,RELIANCE.NS
2015-10-08,198.24411595357785,198.24411595357785,192.03612525357676,192.65367126464844,10753149,RELIANCE.NS
2015-10-09,193.726259352649,196.1964579170952,191.0068813865872,192.27447509765625,9327873,RELIANCE.NS
2015-10-12,192.41531954217825,195.3622236602024,192.41531954217825,193.22789001464844,6212395,RELIANCE.NS
2015-10-13,191.7760860166331,194.21378271899326,191.31021444842793,193.6287384033203,6162561,RELIANCE.NS
2015-10-14,194.1054804945531,196.09897377724155,193.7046121674857,195.65476989746094,8002587,RELIANCE.NS
2015-10-15,196.68396999537285,197.3990209043494,195.03717600249558,195.81723022460938,9048478,RELIANCE.NS
2015-10-16,195.99058968993714,198.22244262695312,195.81724750627296,198.22244262695312,15246935,RELIANCE.NS
2015-10-19,203.89956954854145,209.20831886207756,203.89956954854145,208.77496337890625,33505855,RELIANCE.NS
2015-10-20,209.09996694948063,209.46833355166953,206.49976189028675,207.30149841308594,18091895,RELIANCE.NS
2015-10-21,207.04150538610523,211.2235019547477,206.4997965106401,206.93316650390625,14404450,RELIANCE.NS
2015-10-23,208.87242684736842,210.84425176175515,203.93203067647556,207.07394409179688,12153422,RELIANCE.NS
2015-10-26,208.42827240561186,208.66661793036457,203.96458058001983,204.30044555664062,10938775,RELIANCE.NS
2015-10-27,203.42287986477263,205.4705425397982,203.11951653850335,203.58538818359375,11601798,RELIANCE.NS
2015-10-28,203.01113877040393,204.7446183636427,201.49435135855356,203.02197265625,11958727,RELIANCE.NS
2015-10-29,202.8161642066358,204.76632185700262,202.58863809970921,203.8995819091797,13280382,RELIANCE.NS
2015-10-30,204.1379101598204,207.1281497086737,203.70455468706052,205.35134887695312,13366359,RELIANCE.NS
2015-11-02,205.63305913520887,208.34161801139768,204.8096691555711,207.97325134277344,7222044,RELIANCE.NS
2015-11-03,208.72078391244088,210.28090697028475,208.28741398562846,209.57667541503906,11373522,RELIANCE.NS
2015-11-04,209.75004270123327,211.26683028976163,205.0263232774512,206.13140869140625,10033187,RELIANCE.NS
2015-11-05,205.63301250026362,206.06638240074986,202.16608222530783,202.94613647460938,10767454,RELIANCE.NS
2015-11-06,203.56371777200965,206.87898868432345,203.2278672507946,206.36978149414062,8367190,RELIANCE.NS
2015-11-09,202.2744339208214,209.09997050934973,200.09675039429194,208.28741455078125,17031699,RELIANCE.NS
2015-11-10,207.366497356246,207.9082061294623,198.5474536494006,199.945068359375,11486238,RELIANCE.NS
2015-11-13,198.2765958706522,203.36866674471437,198.15742312911317,202.17691040039062,13682323,RELIANCE.NS
2015-11-16,200.64931578292465,204.1162464203342,200.37845414262804,202.44778442382812,15346549,RELIANCE.NS
2015-11-17,203.26038734316387,203.4445634521418,200.69268338388122,201.02853393554688,8588142,RELIANCE.NS
2015-11-18,200.99601292959164,201.79774954988338,197.1715493127983,197.61575317382812,11249222,RELIANCE.NS
2015-11-19,199.11085913202984,203.4011940849081,198.7533263978005,202.5452880859375,12183206,RELIANCE.NS
2015-11-20,202.3827637246091,206.4564206150376,200.5517791153499,205.16714477539062,11304265,RELIANCE.NS
2015-11-23,205.84972124928316,207.56151875272354,205.02631692564594,206.6622772216797,10499517,RELIANCE.NS
2015-11-24,206.49974837757273,210.53006957170825,206.07721237101546,209.68499755859375,14806176,RELIANCE.NS
2015-11-26,210.4000850367789,214.93961379970938,209.80420679653648,214.22454833984375,23805828,RELIANCE.NS
2015-11-27,214.30036452935474,215.05876546216638,211.07177978318794,212.1443634033203,10891864,RELIANCE.NS
2015-11-30,212.02522183438018,213.3036639365756,208.51494107761053,209.55502319335938,29919205,RELIANCE.NS
2015-12-01,208.88329600776646,212.09021327421635,208.2874177717434,209.2949981689453,12981379,RELIANCE.NS
2015-12-02,209.37084963989025,212.28525216248792,208.99164911314452,211.9060516357422,7573628,RELIANCE.NS
2015-12-03,211.2451569809326,214.28956617379202,211.07181477987675,211.7435302734375,11361395,RELIANCE.NS
2015-12-04,210.68176513068136,211.52683722866837,208.3199199541801,209.19747924804688,13443688,RELIANCE.NS
2015-12-07,209.1974841011743,210.83345890118747,205.7955567856769,206.29393005371094,14483909,RELIANCE.NS
2015-12-08,205.61137986239547,206.62979423999667,202.83783227560627,203.87791442871094,7532164,RELIANCE.NS
2015-12-09,202.85947293148928,204.43042983888188,197.79990338313576,198.46078491210938,9174419,RELIANCE.NS
2015-12-10,199.8909336640155,206.67313562618702,199.3492247966652,205.9255828857422,18592203,RELIANCE.NS
2015-12-11,206.2289088528653,207.79986573001435,204.311253156215,206.48892211914062,18155513,RELIANCE.NS
2015-12-14,205.32966194339852,208.7749388816291,204.98296313307375,206.9547882080078,10563900,RELIANCE.NS
2015-12-15,207.36652773745791,211.90605689006546,206.6406283284482,211.46185302734375,15718833,RELIANCE.NS
2015-12-16,211.46181529637425,213.98618301690462,210.94177431210736,212.0576934814453,12097338,RELIANCE.NS
2015-12-17,212.36106787702778,219.93417143545585,211.91686407028837,218.78573608398438,19369032,RELIANCE.NS
2015-12-18,217.50732470766613,218.63407790552466,214.5170850533323,214.9287872314453,16016139,RELIANCE.NS
2015-12-21,214.0620467410362,216.46724201546115,213.2928262873884,214.9721221923828,12331769,RELIANCE.NS
2015-12-22,215.1237938560502,217.2472935723345,213.21697188041995,213.93203735351562,11579277,RELIANCE.NS
2015-12-23,214.90708882121785,218.17900907635715,214.51705447310803,217.50729370117188,12919467,RELIANCE.NS
2015-12-24,217.5289999823818,218.24405102678202,215.88220567761783,216.8031005859375,11901877,RELIANCE.NS
2015-12-28,216.81392477286366,219.66332386434127,216.6839181277839,218.93743896484375,12885935,RELIANCE.NS
2015-12-29,218.93745629971977,220.73592509246083,218.2332246541743,220.0208740234375,14913870,RELIANCE.NS
2015-12-30,219.9341851900015,220.15086293148974,217.1172877638419,217.65899658203125,8151610,RELIANCE.NS
2015-12-31,217.42065505504476,220.95260355737904,216.4889118206147,219.84750366210938,18483713,RELIANCE.NS
2016-01-01,218.8074201514001,220.7792454803435,218.46073576088267,220.01002502441406,5416562,RELIANCE.NS
2016-01-04,217.76732871141704,219.67415063535964,213.80201044918542,215.66549682617188,30170947,RELIANCE.NS
2016-01-05,216.74888886880711,218.85072050619289,216.03383796388547,217.7998046875,14946239,RELIANCE.NS
2016-01-06,218.33071641483755,225.00459348881043,216.77059325149128,223.66114807128906,26759864,RELIANCE.NS
2016-01-07,221.2451225143631,222.75107626597082,218.42823945006,219.55499267578125,19739943,RELIANCE.NS
2016-01-08,221.0175933977657,223.81280846606384,220.30252795242174,222.26351928710938,21313199,RELIANCE.NS
2016-01-11,220.1400434317524,229.85831559754763,219.06745961234898,227.8648223876953,29016443,RELIANCE.NS
2016-01-12,228.60155699871387,230.8550635282874,225.5896493910729,226.5322265625,23373377,RELIANCE.NS
2016-01-13,228.18981900653316,236.13128898265202,226.9113770479637,233.3360595703125,71802356,RELIANCE.NS
2016-01-14,230.51917068198614,234.23530947936928,228.1789933324697,230.04246520996094,27823189,RELIANCE.NS
2016-01-15,231.79762829460677,236.07712947998945,230.89838672268309,232.5668487548828,28767318,RELIANCE.NS
2016-01-18,232.93524167166493,234.87456556879658,218.4390938703121,220.33506774902344,27254669,RELIANCE.NS
2016-01-19,222.9677657669591,227.47477861500693,219.73916608917565,226.13134765625,21489315,RELIANCE.NS
2016-01-20,224.24620352988683,224.24620352988683,214.51709743670557,217.6698455810547,45114225,RELIANCE.NS
2016-01-21,220.48673481382508,222.26353574318838,211.63518843584404,213.26031494140625,31768619,RELIANCE.NS
2016-01-22,215.39465734314572,219.0674463300032,215.39465734314572,217.58316040039062,23682648,RELIANCE.NS
2016-01-25,218.8507547141282,220.74674282410305,216.68391942528197,217.53982543945312,13099564,RELIANCE.NS
2016-01-27,218.43907903472584,218.8507667692877,216.02304974376474,216.5430908203125,17251028,RELIANCE.NS
2016-01-28,216.9006081253365,221.4076352890921,216.05553601198588,220.3458709716797,23074633,RELIANCE.NS
2016-01-29,220.79008768824772,225.35128455310596,220.5842438236206,224.3545379638672,19177163,RELIANCE.NS
2016-02-01,225.3404180301683,225.74128627822364,222.22017206300364,223.24942016601562,9918809,RELIANCE.NS
2016-02-02,223.2494350258033,223.79114382847345,214.62541526566855,216.93310546875,14771279,RELIANCE.NS
2016-02-03,214.08372681168277,215.38383674034773,211.26684366294648,212.6536102294922,15691478,RELIANCE.NS
2016-02-04,214.08371842669246,216.90061592956934,209.25167447968684,210.84429931640625,18203784,RELIANCE.NS
2016-02-05,212.15520342094385,212.7835832782142,208.3199064963576,210.37840270996094,20998404,RELIANCE.NS
2016-02-08,210.4217332396723,213.39030474242156,207.5723344809939,208.2440643310547,12078110,RELIANCE.NS
2016-02-09,206.4781069754913,209.9233843176464,205.8497270604858,207.474853515625,19603494,RELIANCE.NS
2016-02-10,206.21808030331113,210.8334460793422,205.55718430549038,208.59075927734375,16883350,RELIANCE.NS
2016-02-11,208.6341181051593,209.30584806431622,198.3741372735685,200.3351287841797,17114833,RELIANCE.NS
2016-02-12,202.36112456290016,202.36112456290016,192.43699420019152,196.434814453125,29319458,RELIANCE.NS
2016-02-15,198.91584879413813,206.14225441259546,198.91584879413813,205.1455078125,19283523,RELIANCE.NS
2016-02-16,206.08808215941897,207.58320203914346,200.8660037002,201.63523864746094,13024856,RELIANCE.NS
2016-02-17,202.62112504829437,207.46401715930583,198.5691356135171,206.41310119628906,15442221,RELIANCE.NS
2016-02-18,208.65577589542633,209.90171630139076,202.81615165784507,203.70455932617188,14433087,RELIANCE.NS
2016-02-19,203.68287991952667,206.4455932858489,203.10865500890037,204.6254425048828,10235503,RELIANCE.NS
2016-02-22,204.57128769025144,209.81504821443392,204.57128769025144,208.5149383544922,12770834,RELIANCE.NS
2016-02-23,208.68826781181738,209.57667543865958,204.2787602662221,205.7738800048828,18989787,RELIANCE.NS
2016-02-24,204.74465420182977,207.70237787785638,204.11625978383063,206.4239501953125,15186204,RELIANCE.NS
2016-02-25,206.75980661819221,207.26901378546972,203.86707192393416,204.5712890625,24826958,RELIANCE.NS
2016-02-26,206.49979341726532,207.74573393730006,204.61463903736183,205.9255828857422,8349402,RELIANCE.NS
2016-02-29,206.1313998221323,215.51382047887952,202.5994515256083,209.45750427246094,31032353,RELIANCE.NS
2016-03-01,209.0349757445356,213.44449794652522,209.0241418575042,212.63192749023438,16453192,RELIANCE.NS
2016-03-02,215.14547040567058,217.92986627345962,213.9212121921017,217.0089569091797,20105967,RELIANCE.NS
2016-03-03,218.85074702006418,220.58422676177284,216.14220300422977,219.4683074951172,15880459,RELIANCE.NS
2016-03-04,219.7175035363224,219.93419575268635,217.44232928355206,218.07070922851562,8987660,RELIANCE.NS
2016-03-08,218.3090620853021,223.37946629456678,218.3090620853021,222.53440856933594,13222993,RELIANCE.NS
2016-03-09,221.0175979431405,226.196340494976,220.71423464729082,225.71963500976562,11854901,RELIANCE.NS
2016-03-10,225.79547344704704,226.62971166682465,218.6340717075315,219.22994995117188,20706353,RELIANCE.NS
2016-03-11,219.91252174441087,223.08693750650843,218.98077850873437,219.82583618164062,15319044,RELIANCE.NS
2016-03-14,220.82258494079457,222.4043758939567,219.4899878621999,220.96343994140625,11880095,RELIANCE.NS
2016-03-15,221.88434793063243,222.7185862382691,219.9558724669886,221.12596130371094,10487788,RELIANCE.NS
2016-03-16,221.2342812441683,222.2743633354288,217.8648555669135,221.39678955078125,11064129,RELIANCE.NS
2016-03-17,225.03992621859783,227.2092463615364,221.7530637763548,222.6295623779297,16832997,RELIANCE.NS
2016-03-18,223.12256651784355,225.7301356753029,222.56380274319685,225.08372497558594,14030979,RELIANCE.NS
2016-03-21,225.24808467843135,228.2172123154116,224.10864528800602,227.29689025878906,12708074,RELIANCE.NS
2016-03-22,227.23119176208067,230.57281940628081,226.93536868633882,229.6086883544922,15333442,RELIANCE.NS
2016-03-23,229.40048249725353,229.40048249725353,224.03196137441657,225.52200317382812,16806372,RELIANCE.NS
2016-03-28,225.6973045331758,226.069818652217,222.5528828244483,223.59371948242188,18070240,RELIANCE.NS
2016-03-29,224.3387045778803,228.3267568244063,223.5498675977784,227.06680297851562,15871250,RELIANCE.NS
2016-03-30,228.4801599242787,230.46323036358757,228.4801599242787,229.433349609375,14453294,RELIANCE.NS
2016-03-31,228.1076467002981,231.39449437117426,226.28891437583235,229.0279541015625,30833349,RELIANCE.NS
2016-04-01,227.6913493219676,229.26903823761157,224.6017067004156,226.67242431640625,12381116,RELIANCE.NS
2016-04-04,227.88852359142777,228.3705963571471,224.66741099366138,226.80386352539062,8632568,RELIANCE.NS
2016-04-05,225.99315265111596,228.41445812517725,223.9881701845682,225.0290069580078,10259495,RELIANCE.NS
2016-04-06,226.15746945215102,227.16543852512137,224.07579610066784,226.51902770996094,6990781,RELIANCE.NS
2016-04-07,226.77097886213437,229.6415035069004,223.9662040404367,227.28591918945312,8789163,RELIANCE.NS
2016-04-08,226.99012768256125,231.05487153542248,225.96026151232513,227.0887451171875,13411752,RELIANCE.NS
2016-04-11,227.23116754058466,229.09372348952124,226.35466890257615,227.9542694091797,10308361,RELIANCE.NS
2016-04-12,227.9542784429017,231.7122580915777,227.4612497678992,229.5100555419922,11164859,RELIANCE.NS
2016-04-13,230.63855279527326,234.44034127096924,230.63855279527326,233.59671020507812,16038542,RELIANCE.NS
2016-04-18,233.54193235357084,233.7610643358609,231.2630533526454,233.31185913085938,19065716,RELIANCE.NS
2016-04-20,234.28693798965375,234.28693798965375,226.9681996307595,227.29689025878906,21687934,RELIANCE.NS
2016-04-21,228.1953127836454,230.51801515545162,226.7929178903452,228.14053344726562,11380697,RELIANCE.NS
2016-04-22,227.66941839177974,229.53195972592485,225.54392161353195,227.65846252441406,11705087,RELIANCE.NS
2016-04-25,228.86362509516744,228.86362509516744,221.8187979687433,222.82676696777344,61157544,RELIANCE.NS
2016-04-26,222.4980909080174,224.36063214326785,220.76700544684903,222.8377227783203,26429236,RELIANCE.NS
2016-04-27,223.045927226187,224.80986588459822,222.62958960814967,223.37460327148438,14502641,RELIANCE.NS
2016-04-28,222.1913145190593,223.33075393210575,217.1405136013782,218.40048217773438,61949033,RELIANCE.NS
2016-04-29,217.68831827179883,218.80586056140274,214.48911741934361,215.33274841308594,23479680,RELIANCE.NS
2016-05-02,214.52199667013636,217.45825688026346,214.30287932340727,216.2640380859375,10620873,RELIANCE.NS
2016-05-03,216.49412092562375,218.0170304350802,213.15249347547459,213.82081604003906,17571826,RELIANCE.NS
2016-05-04,213.43732884830962,215.5518696772571,213.20725564254516,214.3247833251953,13546285,RELIANCE.NS
2016-05-05,214.74113882498472,215.49710833436652,212.74711236590912,213.70030212402344,21665684,RELIANCE.NS
2016-05-06,213.20726346942527,214.03992401484658,211.89251550624383,212.31980895996094,14748329,RELIANCE.NS
2016-05-09,213.6454854740055,216.0558344906642,213.1634127452089,215.42037963867188,15347096,RELIANCE.NS
2016-05-10,215.42039551569562,215.77099787902188,214.30286785254208,215.2998809814453,7248302,RELIANCE.NS
2016-05-11,212.94430261355078,214.9054613274706,212.54987677188865,213.733154296875,12339923,RELIANCE.NS
2016-05-12,213.86463971281432,217.8526926229648,213.65647822397045,217.54591369628906,12786216,RELIANCE.NS
2016-05-13,216.70228033097834,217.05288272528878,213.6455201009553,214.33575439453125,14648291,RELIANCE.NS
2016-05-16,214.0837414205846,215.2889306761971,212.79091985603353,213.85366821289062,9327335,RELIANCE.NS
2016-05-17,214.79589245284927,215.4203914732071,211.75007378954598,212.36361694335938,12157600,RELIANCE.NS
2016-05-18,211.65150043003047,213.09770426970374,211.25707455224358,212.67042541503906,8228838,RELIANCE.NS
2016-05-19,212.92241172788937,212.96623520043997,207.20328765943657,208.4303741455078,9134784,RELIANCE.NS
2016-05-20,208.60566701348233,209.1534750065956,204.08076216614526,204.70526123046875,18544619,RELIANCE.NS
2016-05-23,205.39551441143428,206.1295868438345,202.83176808685087,203.7849578857422,18365734,RELIANCE.NS
2016-05-24,203.357670650717,206.85269514507837,203.357670650717,206.07481384277344,12283217,RELIANCE.NS
2016-05-25,208.1345657057913,208.78097655323984,206.22818614053125,208.4303741455078,9240115,RELIANCE.NS
2016-05-26,208.1674064510393,208.69330268111904,206.87457029562535,207.47715759277344,14190024,RELIANCE.NS
2016-05-27,207.9592369813486,214.06183046897164,207.89350177891004,213.5797576904297,13401594,RELIANCE.NS
2016-05-30,213.95227736233943,215.06980508750934,211.45426646808104,212.26502990722656,9633652,RELIANCE.NS
2016-05-31,212.33075895241925,213.20725757028876,209.59171905573427,209.8875274658203,23332727,RELIANCE.NS
2016-06-01,209.90942742665803,211.69529216335349,208.56182660164214,208.95623779296875,9042808,RELIANCE.NS
2016-06-02,209.15347092097073,209.73414650468828,207.09370939654212,209.53692626953125,10253825,RELIANCE.NS
2016-06-03,210.35864297306702,210.99409788448816,209.4492767601411,210.28195190429688,8643295,RELIANCE.NS
2016-06-06,210.5777645495879,211.01601386441843,208.72617911290325,209.21920776367188,8672842,RELIANCE.NS
2016-06-07,209.75607489327328,210.5668237504996,208.51801793049998,209.2740020751953,18954268,RELIANCE.NS
2016-06-08,209.9204140083773,209.9204140083773,207.98116685797325,209.0658416748047,12135516,RELIANCE.NS
2016-06-09,210.3586483500551,213.96323106566854,209.52597318461522,212.8018798828125,15643495,RELIANCE.NS
2016-06-10,213.42637392632568,215.70526739680625,212.17737583485157,214.01800537109375,16316760,RELIANCE.NS
2016-06-13,212.527959916766,215.49708758376502,211.02696228306516,214.98214721679688,10214469,RELIANCE.NS
2016-06-14,214.94928383029816,215.92438524934602,212.39649367901382,213.91940307617188,10923848,RELIANCE.NS
2016-06-15,214.74114585982002,216.16543798239593,213.37161845099064,215.74911499023438,11129082,RELIANCE.NS
2016-06-16,214.9602396405732,215.54091521957722,211.90346498004826,213.93035888671875,9372207,RELIANCE.NS
2016-06-17,214.08375726818355,214.4453155343643,212.571803623723,213.62359619140625,10534878,RELIANCE.NS
2016-06-20,213.02101093962258,217.5020925781057,212.11165927224468,216.9761962890625,10758608,RELIANCE.NS
2016-06-21,217.83077082545222,217.84172669278004,214.67539327108142,216.29690551757812,13933068,RELIANCE.NS
2016-06-22,215.8367500888845,216.03395570592608,214.10566449665765,214.85069274902344,12788710,RELIANCE.NS
2016-06-23,214.73016301130548,215.17935355167174,212.54987237387576,214.8397216796875,9837526,RELIANCE.NS
2016-06-24,211.43235401267034,211.43235401267034,204.5299674454081,208.48513793945312,24985097,RELIANCE.NS
2016-06-27,206.08572601954,210.00802856014474,206.08572601954,209.4054412841797,9163399,RELIANCE.NS
2016-06-28,209.5698073780646,210.698290938163,209.26302847352994,209.87657165527344,7604977,RELIANCE.NS
2016-06-29,210.7969012058477,212.31981066075218,210.35865188127661,211.87060546875,7523987,RELIANCE.NS
2016-06-30,212.9881159637172,214.1933051655803,211.90345592116802,212.36361694335938,12758283,RELIANCE.NS
2016-07-01,213.15248028671834,214.03992015284405,212.54987833905426,213.3058624267578,6610193,RELIANCE.NS
2016-07-04,213.755070985688,217.72119734639324,213.755070985688,216.20924377441406,7803505,RELIANCE.NS
2016-07-05,216.07775288079722,219.75902634220017,214.8068431376506,217.6116180419922,11359882,RELIANCE.NS
2016-07-07,217.48018286074938,219.23316563138806,216.08874373589626,216.4722137451172,12029091,RELIANCE.NS
2016-07-08,216.27500120159743,216.71323590974276,213.94132824408993,214.39053344726562,7140617,RELIANCE.NS
2016-07-11,217.15147293441723,218.01701568858815,215.94629830068814,217.48016357421875,8266601,RELIANCE.NS
2016-07-12,218.08274179809024,220.2191942994057,217.15146388025397,219.8686065673828,9767494,RELIANCE.NS
2016-07-13,220.26302825016242,222.78295083064842,220.03295504007122,221.04092407226562,14915296,RELIANCE.NS
2016-07-14,220.89851621188743,222.2132496337903,218.74013706735187,220.1973114013672,10758372,RELIANCE.NS
2016-07-15,221.09570014439257,223.72518135753663,219.89052552133825,221.79689025878906,13992989,RELIANCE.NS
2016-07-18,225.25906777722636,227.6146525370056,219.5070761689517,220.49313354492188,32106850,RELIANCE.NS
2016-07-19,220.43834420441036,224.15248568416064,218.09371541901248,223.0240020751953,16649300,RELIANCE.NS
2016-07-20,223.4951295709444,225.32480341485555,222.75010128987566,224.1634521484375,12265316,RELIANCE.NS
2016-07-21,224.38256896445108,224.60170095195642,220.2192221024479,220.51504516601562,6711097,RELIANCE.NS
2016-07-22,220.4383620361395,223.02402011608385,220.24114177754274,222.3776092529297,6899519,RELIANCE.NS
2016-07-25,222.19130742123306,224.32775990927829,220.73413328708818,224.108642578125,8241568,RELIANCE.NS
2016-07-26,224.16343569927,226.74909350254921,222.45427652916797,224.3935089111328,10516399,RELIANCE.NS
2016-07-27,224.17437073440928,224.82078146832785,221.08472869826662,221.9940948486328,11030767,RELIANCE.NS
2016-07-28,222.39949523892582,225.80685768195997,221.98315766045846,224.89749145507812,15610838,RELIANCE.NS
2016-07-29,224.38256159883497,224.57978184384848,221.75308022637645,222.3885498046875,9629597,RELIANCE.NS
2016-08-01,223.06783253491668,223.5718170838445,220.23017499498482,221.2052764892578,7978251,RELIANCE.NS
2016-08-02,220.87659794557266,223.50607933896524,220.50408381520506,221.9283905029297,7710138,RELIANCE.NS
2016-08-03,222.2789639734849,222.2789639734849,217.26104522698256,217.7978973388672,11872282,RELIANCE.NS
2016-08-04,218.90448495913924,219.12360231558625,215.48615180727774,217.58973693847656,10187608,RELIANCE.NS
2016-08-05,218.68533302177423,223.2869287332381,218.47717155214292,222.68434143066406,12109001,RELIANCE.NS
2016-08-08,223.4841684592869,226.57381093677031,223.21025713749887,225.53297424316406,13556347,RELIANCE.NS
2016-08-09,225.03992870803566,226.6833526336743,223.72518079112933,225.85067749023438,13290768,RELIANCE.NS
2016-08-10,225.9712308745047,226.69433279854616,219.56185786201095,219.9234161376953,13471958,RELIANCE.NS
2016-08-11,219.55087752238865,224.13056153706498,219.0359371502519,222.21322631835938,14169454,RELIANCE.NS
2016-08-12,222.8486777703889,228.52399227011196,222.8486777703889,226.96820068359375,16365425,RELIANCE.NS
2016-08-16,227.06684337150415,228.94034067460092,222.5200265222684,224.5797882080078,13367575,RELIANCE.NS
2016-08-17,224.40445912127265,225.4343398697291,220.70127369907684,222.03793334960938,15486572,RELIANCE.NS
2016-08-18,222.6295911610184,224.30588288570934,222.6295911610184,223.07879638671875,7749690,RELIANCE.NS
2016-08-19,223.06782822626903,223.94432689286407,220.67937594209448,222.3885498046875,8177802,RELIANCE.NS
2016-08-22,221.75308244702694,223.44034459121778,220.70128988751082,221.72021484375,6684236,RELIANCE.NS
2016-08-23,221.75308405142331,222.41046537637214,220.21921867208744,221.4134521484375,7320433,RELIANCE.NS
2016-08-24,221.6873550594052,223.93338116584857,221.5339729053696,223.6156463623047,8719596,RELIANCE.NS
2016-08-25,223.7690202799804,225.47819415706164,221.0957154142639,221.90647888183594,14960746,RELIANCE.NS
2016-08-26,223.04592002572252,225.87260706066425,222.3228034947576,225.23715209960938,9639663,RELIANCE.NS
2016-08-29,225.09473055510134,232.2162495724351,224.8427309625444,231.71226501464844,16193208,RELIANCE.NS
2016-08-30,232.70925533055558,234.13354729180816,230.7371407659588,233.67340087890625,18170724,RELIANCE.NS
2016-08-31,233.34473092458379,235.33875739986632,229.42241318168823,232.27102661132812,23295502,RELIANCE.NS
2016-09-01,230.73714215810568,235.06482665749513,224.75506322637952,225.52200317382812,42621045,RELIANCE.NS
2016-09-02,225.93835537173308,226.25609018435216,219.6275996118064,222.04891967773438,28124615,RELIANCE.NS
2016-09-06,223.4841766357422,224.60170444468378,222.41047229951775,223.4841766357422,11510431,RELIANCE.NS
2016-09-07,223.94432437296902,225.0508962477473,221.98316557651037,222.9911346435547,12927438,RELIANCE.NS
2016-09-08,224.17439867914888,227.00110027853464,223.5498995998095,226.44232177734375,12206479,RELIANCE.NS
2016-09-09,226.792929813009,230.0578661968393,225.6973137731643,228.88555908203125,15269894,RELIANCE.NS
2016-09-12,225.78495913721363,231.394524338763,225.51106244283108,229.31285095214844,33684893,RELIANCE.NS
2016-09-14,229.64151237602044,232.05186148902146,228.08573546802026,228.92935180664062,18604842,RELIANCE.NS
2016-09-15,229.42239377958026,234.50606234936814,229.42239377958026,233.3666229248047,31371009,RELIANCE.NS
2016-09-16,233.80487805536353,239.6883396913364,232.07379251404612,235.67837524414062,39324529,RELIANCE.NS
2016-09-19,235.02103299312378,238.40649872907315,234.6814010718153,237.1793975830078,16678060,RELIANCE.NS
2016-09-20,237.52997687173615,237.69431488217413,234.25408476638174,235.382568359375,11531268,RELIANCE.NS
2016-09-21,235.3387617605514,237.72719952610714,234.2431456911048,234.95529174804688,10943394,RELIANCE.NS
2016-09-22,237.31087697435294,240.11565236203208,236.4343782662475,238.61465454101562,18761415,RELIANCE.NS
2016-09-23,238.62558332133827,243.10666453937648,238.62558332133827,241.6494903564453,31085948,RELIANCE.NS
2016-09-26,241.78095707393052,247.51105091598788,241.09072284088504,242.61363220214844,38213411,RELIANCE.NS
2016-09-27,244.76105284756102,246.72221160461515,242.48217393863686,243.3367462158203,19374535,RELIANCE.NS
2016-09-28,242.7670132464464,242.7889249798629,238.03394718255126,238.9871368408203,24820234,RELIANCE.NS
2016-09-29,239.94034221374443,243.39152821682944,233.89252786678682,234.9990997314453,21260295,RELIANCE.NS
2016-09-30,234.02398877511715,239.84172966994748,233.65147467043676,237.4642333984375,11199883,RELIANCE.NS
2016-10-03,238.18737488157404,242.77801555644874,235.8318045793782,238.99813842773438,18125170,RELIANCE.NS
2016-10-04,239.51302794614153,242.85465498462315,239.2829401228651,240.2361297607422,13113580,RELIANCE.NS
2016-10-05,241.91247272537404,242.46028075991802,237.92441970221816,238.7132568359375,10789932,RELIANCE.NS
2016-10-06,239.28295858002704,246.7879471034055,239.28295858002704,243.40249633789062,21111045,RELIANCE.NS
2016-10-07,244.10367256474555,246.08672831846198,242.46024867856474,243.008056640625,15280380,RELIANCE.NS
2016-10-10,244.10366764461986,245.8566647897398,239.7211894091451,240.2361297607422,11553662,RELIANCE.NS
2016-10-13,238.62559254856615,238.63654841591426,230.51801667374394,231.64651489257812,21938040,RELIANCE.NS
2016-10-14,232.92836263807334,237.0917089274334,232.6325396151943,236.13851928710938,15265659,RELIANCE.NS
2016-10-17,236.65347451095974,236.82878301333292,231.9970993090854,232.41343688964844,9826781,RELIANCE.NS
2016-10-18,233.58578687649003,237.25612007865843,232.72025858199845,236.89456176757812,11073137,RELIANCE.NS
2016-10-19,237.62856792422673,239.87459375908222,236.96024542084314,238.26402282714844,17073242,RELIANCE.NS
2016-10-20,239.71025688679038,240.5977114122487,237.54093660440458,238.30787658691406,10125508,RELIANCE.NS
2016-10-21,240.37858353052374,240.37858353052374,231.9204054950204,233.1913299560547,43608816,RELIANCE.NS
2016-10-24,234.46225553291902,235.33875421129068,232.41344974567096,232.99412536621094,10513017,RELIANCE.NS
2016-10-25,233.36664168088976,233.4214210203844,231.00010107808697,232.457275390625,7658966,RELIANCE.NS
2016-10-26,231.4054887343722,232.15051702520236,230.53994589357248,230.9672393798828,10945927,RELIANCE.NS
2016-10-27,230.32081815122373,230.93436136893033,228.63357064569894,229.794921875,12842476,RELIANCE.NS
2016-10-28,230.07978383884708,231.83276651068758,228.7212123947254,231.16444396972656,8127969,RELIANCE.NS
2016-11-01,230.36463962448744,231.38356456504383,229.51005269778642,230.2989044189453,10223897,RELIANCE.NS
2016-11-02,228.1076497511826,228.51303143911701,223.7251715040749,224.3277587890625,7039997,RELIANCE.NS
2016-11-03,224.3496855555649,226.73813774988278,223.63753955782738,224.37159729003906,7311872,RELIANCE.NS
2016-11-04,223.56084968743372,225.01802391976943,219.12359178665108,220.33973693847656,11535892,RELIANCE.NS
2016-11-07,222.19131071770468,222.75007454776068,218.91541880441028,219.37557983398438,9506040,RELIANCE.NS
2016-11-08,220.37260623932875,220.37260623932875,218.75107935772692,219.89053344726562,13432073,RELIANCE.NS
2016-11-09,208.16740330989538,221.0956915323264,203.7849250404767,220.1315460205078,21640144,RELIANCE.NS
2016-11-10,223.19927178056398,225.46720924769633,220.6574376551577,221.4024658203125,9764091,RELIANCE.NS
2016-11-11,218.65247790372766,222.95826545678722,218.04989056675313,219.50706481933594,14775330,RELIANCE.NS
2016-11-15,218.3566838289084,219.123609227993,214.64252750135094,215.92440795898438,14487470,RELIANCE.NS
2016-11-16,218.0279764304218,218.42240228153716,214.89451061080626,216.17637634277344,16550762,RELIANCE.NS
2016-11-17,216.05583919442904,218.71818781305294,213.51400510379696,214.24807739257812,12628378,RELIANCE.NS
2016-11-18,215.83674400938568,217.52399145630736,215.1793627164438,216.38455200195312,18163751,RELIANCE.NS
2016-11-21,216.3955046046057,217.71023791600237,215.4423149088138,217.26104736328125,13232434,RELIANCE.NS
2016-11-22,218.6196106415124,220.83275437878703,217.65546504992258,219.4413299560547,17646355,RELIANCE.NS
2016-11-23,220.21921969799195,221.4244090477947,219.02500084340545,221.09571838378906,13107911,RELIANCE.NS
2016-11-24,220.33973729101714,220.33973729101714,215.22320098237498,216.3516845703125,18913793,RELIANCE.NS
2016-11-25,216.93236944293764,218.22519109586784,215.69432712891745,217.7431182861328,10454964,RELIANCE.NS
2016-11-28,217.58972699570444,219.25506271058478,215.63952410313317,216.1982879638672,8312777,RELIANCE.NS
2016-11-29,216.71323417299962,220.06583205473066,216.50507268829878,218.61961364746094,9885281,RELIANCE.NS
2016-11-30,219.11261840029326,219.11261840029326,216.19827016863738,216.94329833984375,27596098,RELIANCE.NS
2016-12-01,219.1235981279182,222.4104608030963,218.0279821119677,218.6305694580078,12627845,RELIANCE.NS
2016-12-02,218.22519052473288,220.21921696514627,217.32679474163294,217.97320556640625,12481430,RELIANCE.NS
2016-12-05,218.0279859360806,219.0578667644169,216.1654298999004,217.7760009765625,3987213,RELIANCE.NS
2016-12-06,218.24710803538363,220.55886932914308,217.9403437301729,220.26304626464844,6726369,RELIANCE.NS
2016-12-07,220.00011115338705,220.7889483003436,218.32381941719277,218.93736267089844,4930865,RELIANCE.NS
2016-12-08,220.23015115603786,223.9004835107538,220.07676902258837,223.5170135498047,8750556,RELIANCE.NS
2016-12-09,223.94431471865443,226.10267903753314,223.5718006115034,225.46722412109375,8239158,RELIANCE.NS
2016-12-12,223.6155950986876,228.26101377332577,223.6155950986876,225.08372497558594,9023848,RELIANCE.NS
2016-12-13,225.25905347973972,228.10766674669884,225.16045067386656,227.84471130371094,10365823,RELIANCE.NS
2016-12-14,227.84472487894743,233.2461286897416,227.49413710384343,232.16146850585938,24139260,RELIANCE.NS
2016-12-15,230.60569699721975,233.93636870591837,229.78397762462063,230.72621154785156,19331986,RELIANCE.NS
2016-12-16,230.51801667374394,232.7092632799974,230.51801667374394,231.64651489257812,14942206,RELIANCE.NS
2016-12-19,231.1753931322906,233.79391851033174,231.03295223241926,232.82977294921875,15009634,RELIANCE.NS
2016-12-20,231.1096619157531,232.49013045119372,230.77001540188377,231.81085205078125,11688169,RELIANCE.NS
2016-12-21,232.29292004340624,233.87060878513904,231.65746512534565,232.983154296875,20367894,RELIANCE.NS
2016-12-22,231.83278303109483,232.8517080299631,230.2879617304664,230.81385803222656,28892834,RELIANCE.NS
2016-12-23,230.51800132189487,234.23215712416223,230.51800132189487,231.6793670654297,10265033,RELIANCE.NS
2016-12-26,231.0329496210431,233.58573976751669,228.9074529147019,229.52099609375,15321770,RELIANCE.NS
2016-12-27,229.60867349698816,233.82679959968016,229.4224091178969,233.3009033203125,17442849,RELIANCE.NS
2016-12-28,234.0020753988561,234.363633634018,229.44430312080814,230.01402282714844,9637310,RELIANCE.NS
2016-12-29,230.0797745544613,234.1992975630118,229.97020125719018,233.46522521972656,8772325,RELIANCE.NS
2016-12-30,233.32282950459827,237.74913199598709,232.9503153506742,237.1793975830078,15711974,RELIANCE.NS
2017-01-02,237.5299828959129,238.84473089473974,234.9771925990686,237.77102661132812,7097888,RELIANCE.NS
2017-01-03,238.8118742765638,240.37860730318542,236.8945388419962,238.7132568359375,6434204,RELIANCE.NS
2017-01-04,239.48018603578305,239.50209777108125,233.21325421257254,233.83775329589844,10392483,RELIANCE.NS
2017-01-05,234.68137523395623,236.6315634816447,234.18834658159105,236.08375549316406,8734164,RELIANCE.NS
2017-01-06,235.38259800402116,237.749138789007,235.1415542643616,235.54693603515625,7845839,RELIANCE.NS
2017-01-09,235.9961082155429,237.96822282216377,234.68137489601304,236.1494903564453,5228980,RELIANCE.NS
2017-01-10,236.65348010667586,239.8088576960903,236.65348010667586,238.81185913085938,11349916,RELIANCE.NS
2017-01-11,239.9403458197158,240.0937279659821,237.52998181318367,237.97918701171875,11475958,RELIANCE.NS
2017-01-12,238.18733569952568,238.92140804330162,236.609646969281,237.3765869140625,4371992,RELIANCE.NS
2017-01-13,237.65049267666242,240.4881501026076,237.65049267666242,238.932373046875,7234429,RELIANCE.NS
2017-01-16,238.833782703287,239.71026677001538,235.32780255439215,235.831787109375,12013154,RELIANCE.NS
2017-01-17,233.36661268828124,234.02397930787492,227.55984252266566,228.1624298095703,39234251,RELIANCE.NS
2017-01-18,228.45826090020353,229.64153848580435,225.4233978038085,226.25607299804688,15867619,RELIANCE.NS
2017-01-19,226.82579205961582,229.04990631766094,225.9164257947301,226.50807189941406,15284274,RELIANCE.NS
2017-01-20,226.56284239636582,227.32976772528664,224.36063995944215,224.7769775390625,8784907,RELIANCE.NS
2017-01-23,223.90050227358637,225.91642579269003,221.9283875975284,222.607666015625,13708502,RELIANCE.NS
2017-01-24,222.84868535220502,225.43434312766897,222.84868535220502,225.1056671142578,9419288,RELIANCE.NS
2017-01-25,226.13552583353382,226.28890795817375,222.66241390577264,222.91441345214844,23856654,RELIANCE.NS
2017-01-27,223.5608478179369,225.4562713535853,223.2869365105033,224.62359619140625,21861796,RELIANCE.NS
2017-01-30,224.59071164660602,229.30186583497945,224.55784404747266,228.9403076171875,15678126,RELIANCE.NS
2017-01-31,229.38951231864934,230.91242162416677,227.95424994398329,229.0279541015625,15125194,RELIANCE.NS
2017-02-01,229.22520104607534,230.2769935935583,226.8367487653081,230.00308227539062,11312284,RELIANCE.NS
2017-02-02,230.07979377077183,230.25508765732494,227.50509167538812,228.65548706054688,9099129,RELIANCE.NS
2017-02-03,229.20327308059305,230.17837448559214,225.71920502852015,226.49710083007812,13219481,RELIANCE.NS
2017-02-06,227.23115145327833,228.96222224483054,226.1464914135135,228.2500762939453,9991907,RELIANCE.NS
2017-02-07,228.32679175432503,228.40348282813298,225.0837671550574,225.89451599121094,9905562,RELIANCE.NS
2017-02-08,225.89452132915633,227.5050924264882,223.94433295283355,224.6345672607422,16230826,RELIANCE.NS
2017-02-09,225.25904437354157,226.5737922806795,224.99610356850937,226.2998809814453,9861688,RELIANCE.NS
2017-02-10,226.7929119266927,226.91342646355918,224.7221945566841,225.73016357421875,12518554,RELIANCE.NS
2017-02-13,226.35467826499502,226.57381024722392,223.94432885176462,225.66444396972656,8565757,RELIANCE.NS
2017-02-14,226.79292512592764,230.7152427544646,225.67539737347482,230.03594970703125,18244623,RELIANCE.NS
2017-02-15,230.71524167192365,231.72321074339212,229.03893542378324,230.36463928222656,15236663,RELIANCE.NS
2017-02-16,230.63852169409094,234.34170686131347,230.63852169409094,233.91441345214844,19655195,RELIANCE.NS
2017-02-17,233.69533456982208,236.25908081921085,231.93138131199538,235.6674346923828,14847356,RELIANCE.NS
2017-02-20,234.5827898097771,236.40152252627544,233.69534981629198,235.64553833007812,11650581,RELIANCE.NS
2017-02-21,235.60167373180388,239.0528741668724,235.13055683183404,238.45028686523438,14186476,RELIANCE.NS
2017-02-22,239.5020836623709,265.50108742847794,239.28295169497082,264.59173583984375,127323130,RELIANCE.NS
2017-02-23,265.92841807352676,267.76906249696856,258.42342871611294,259.16845703125,62249698,RELIANCE.NS
2017-02-27,260.866627790657,275.3945172115851,260.8337748164993,271.47222900390625,83422197,RELIANCE.NS
2017-02-28,269.96024597149193,273.4662402887745,269.1933060577551,271.28594970703125,36111716,RELIANCE.NS
2017-03-01,271.7351735517845,272.6774073952574,269.5220298454828,270.5080871582031,24385665,RELIANCE.NS
2017-03-02,271.2530994836367,274.93438810018756,268.8756322779892,271.0011291503906,18063590,RELIANCE.NS
2017-03-03,272.052902055084,282.18735700396303,272.052902055084,275.7779846191406,84305639,RELIANCE.NS
2017-03-06,278.0678541617324,287.49016380859985,277.2461494453081,286.0329895019531,66724743,RELIANCE.NS
2017-03-07,288.9911620500106,290.77701239515955,284.0170517627637,285.9453430175781,42071555,RELIANCE.NS
2017-03-08,286.5479276923552,286.5479276923552,281.81487579730856,282.9324035644531,43336972,RELIANCE.NS
2017-03-09,282.66945064716174,284.42241866995744,280.8068946967048,281.957275390625,31094457,RELIANCE.NS
2017-03-10,282.7242199126943,283.98418855458135,276.358670753047,280.8397521972656,24785585,RELIANCE.NS
2017-03-14,288.9692483041829,289.02404227048964,281.62861209829543,282.55987548828125,27765035,RELIANCE.NS
2017-03-15,282.8995239851457,288.4323981612016,282.7571123301341,285.9453430175781,24107889,RELIANCE.NS
2017-03-16,287.05193672885827,287.13958367402637,283.4582949583472,284.34576416015625,15924023,RELIANCE.NS
2017-03-17,286.61365450567615,289.2321799625434,284.433393001409,285.0140686035156,22727289,RELIANCE.NS
2017-03-20,286.1754066311194,286.23020059316633,280.11665131037563,280.65350341796875,12869337,RELIANCE.NS
2017-03-21,280.9602820214286,281.33278151653013,275.94234843179726,276.92840576171875,22596181,RELIANCE.NS
2017-03-22,274.34273665370296,277.3885556210907,273.1485324538092,276.0299987792969,20291685,RELIANCE.NS
2017-03-23,276.78595662717277,279.9413341381721,275.65748768059166,279.01007080078125,11807911,RELIANCE.NS
2017-03-24,279.1853678268675,283.1076853391976,277.9473109398877,281.957275390625,16282523,RELIANCE.NS
2017-03-27,278.527971515153,280.20429225842906,273.29092095445947,274.1455078125,32452615,RELIANCE.NS
2017-03-28,275.65749676752216,276.9722301267818,272.1734138717025,272.9732360839844,21707345,RELIANCE.NS
2017-03-29,274.2769586917031,276.0956909454394,270.25605350399246,275.36163330078125,18924345,RELIANCE.NS
2017-03-30,275.0001238069155,279.3278232618648,274.56188909207935,278.4294128417969,27862325,RELIANCE.NS
2017-03-31,277.4104746149594,293.11068679847307,277.4104746149594,289.44036865234375,45390562,RELIANCE.NS
2017-04-03,294.0638302558688,302.5000808471645,292.9791556740825,301.21820068359375,44886623,RELIANCE.NS
2017-04-05,305.7212350749376,310.71725677243865,302.4124754291378,310.05987548828125,40323877,RELIANCE.NS
2017-04-06,308.7451222979749,317.4881377647477,307.25509520570347,315.2092590332031,50620850,RELIANCE.NS
2017-04-07,311.4403803174322,314.22322914804084,307.3317983939805,308.21923828125,31875272,RELIANCE.NS
2017-04-10,308.9642744530204,312.2292107880125,301.79893220247726,302.6864013671875,30768410,RELIANCE.NS
2017-04-11,304.1107012684822,306.8716677610684,300.22126574758386,300.71429443359375,32249647,RELIANCE.NS
2017-04-12,303.0040525234934,303.80387460315745,296.06879936637665,296.69329833984375,27448279,RELIANCE.NS
2017-04-13,296.6933508273416,300.944344498031,295.2361765465829,299.0599060058594,12713918,RELIANCE.NS
2017-04-17,299.1037508797492,305.79797665427475,299.1037508797492,304.9872131347656,11837502,RELIANCE.NS
2017-04-18,306.7621265491172,308.96430001861194,299.5419897353691,300.2431945800781,16016414,RELIANCE.NS
2017-04-19,299.9802248416188,302.94936762563344,297.47125779378837,299.9364013671875,11572557,RELIANCE.NS
2017-04-20,302.17147072196843,303.8806153911781,298.9065050268288,300.1007385253906,8393496,RELIANCE.NS
2017-04-21,302.500163849925,311.3746807571274,302.0728703448234,307.3208923339844,30230907,RELIANCE.NS
2017-04-24,308.75608196859093,314.4423671524225,306.8168496086532,310.5857849121094,25512511,RELIANCE.NS
2017-04-25,319.92043308868165,321.6186362985289,312.4921507300193,313.96026611328125,36764315,RELIANCE.NS
2017-04-26,314.44238306002876,315.5489403211543,307.3427760328846,310.37762451171875,16763153,RELIANCE.NS
2017-04-27,310.4981750999944,312.0649081656167,307.2551502845792,308.854736328125,12571594,RELIANCE.NS
2017-04-28,308.90948152106296,311.2212132740253,304.80089986745776,305.7212219238281,11848658,RELIANCE.NS
2017-05-02,307.21128586362573,307.21128586362573,299.3885913289949,300.3198547363281,18591411,RELIANCE.NS
2017-05-03,301.7112490049999,302.55486534292913,299.1036942992869,300.2212219238281,9500038,RELIANCE.NS
2017-05-04,301.2950138734905,302.3029831280166,296.70437288030433,297.5589599609375,14365934,RELIANCE.NS
2017-05-05,298.35874865643217,299.61871751963093,290.33881821702005,291.05096435546875,15598448,RELIANCE.NS
2017-05-08,291.43439454646835,293.5160679573816,288.8816041883912,289.5499267578125,16066733,RELIANCE.NS
2017-05-09,290.11963888194185,292.23416510698564,289.29790497027534,291.5110778808594,21106150,RELIANCE.NS
2017-05-10,292.4861245972065,298.7968786883616,291.57677312830054,297.8108215332031,22906024,RELIANCE.NS
2017-05-11,298.9064834103308,300.14454029152614,296.1783993285229,297.90948486328125,13783848,RELIANCE.NS
2017-05-12,298.01908211976763,298.88461037187903,294.51311638199337,295.9154968261719,7523427,RELIANCE.NS
2017-05-15,297.21924842162235,297.21924842162235,292.2013149847593,294.5240173339844,6738085,RELIANCE.NS
2017-05-16,294.95130082956985,301.7112608002777,293.84471440081353,297.19732666015625,12655992,RELIANCE.NS
2017-05-17,296.47424304912863,299.3118860013444,295.3238330256958,296.49615478515625,9844573,RELIANCE.NS
2017-05-18,293.6804310314026,295.8168692303665,290.1415831817256,290.8537292480469,9790379,RELIANCE.NS
2017-05-19,292.0917627711307,292.68337961136086,287.05191748849916,288.99114990234375,12813204,RELIANCE.NS
2017-05-22,290.6674672968477,292.22325911669634,288.19138253273707,290.15252685546875,8801430,RELIANCE.NS
2017-05-23,290.49215913196133,291.4015400451478,285.29893149975817,286.0768127441406,9223001,RELIANCE.NS
2017-05-24,286.5040979986178,287.86268408183787,283.78698434148356,284.356689453125,14326531,RELIANCE.NS
2017-05-25,284.86066987160564,287.57778334996533,284.0827594460683,285.39752197265625,25922008,RELIANCE.NS
2017-05-26,285.72621360957874,294.58975900892256,284.860685456852,293.03399658203125,21430443,RELIANCE.NS
2017-05-29,292.9682443916944,299.20229348720756,292.66145086734554,297.32879638671875,24022633,RELIANCE.NS
2017-05-30,297.10969215296217,299.0379832996835,295.4881652894662,297.86566162109375,9658309,RELIANCE.NS
2017-05-31,299.541984525243,299.750160652247,292.7053178585477,293.7790222167969,16423338,RELIANCE.NS
2017-06-01,292.0260806142196,293.6256668015466,289.9005834409463,291.05096435546875,9534069,RELIANCE.NS
2017-06-02,292.5300227320339,293.34078624517196,288.5857931045776,290.28399658203125,11495005,RELIANCE.NS
2017-06-05,290.6126673947768,293.8447213133778,288.33378853750685,291.29193115234375,10835031,RELIANCE.NS
2017-06-06,292.29986817735755,292.29986817735755,287.2709941025437,287.6654052734375,9591064,RELIANCE.NS
2017-06-07,287.3148264888366,294.0638448496006,286.83276837610674,293.4064636230469,11199223,RELIANCE.NS
2017-06-08,293.6256479967469,294.6774406466213,291.0071222407612,291.8069152832031,7903123,RELIANCE.NS
2017-06-09,294.74311098093506,296.4632258702231,291.65346892359497,292.683349609375,13836547,RELIANCE.NS
2017-06-12,290.67841130699674,291.37961607434136,288.5857674996751,289.12261962890625,8432435,RELIANCE.NS
2017-06-13,289.3745624369237,290.77694244184295,287.2709778022215,288.0050354003906,6025338,RELIANCE.NS
2017-06-14,288.34478085012086,298.00812059834163,288.34478085012086,297.4603271484375,52939271,RELIANCE.NS
2017-06-15,298.0080520544335,305.6773926263451,297.81084645782664,303.2560729980469,28290813,RELIANCE.NS
2017-06-16,304.3845828576522,305.8526982769538,300.0459132918473,304.31884765625,32710880,RELIANCE.NS
2017-06-19,304.6256387105091,310.23518932991914,304.6256387105091,308.7999267578125,15236956,RELIANCE.NS
2017-06-20,308.74509887015887,311.6156234270032,308.40545240856045,309.4791564941406,10142474,RELIANCE.NS
2017-06-21,308.4821658041418,312.90845264453566,307.70425544358534,311.5937194824219,19992472,RELIANCE.NS
2017-06-22,313.2261939948752,316.72121768060174,312.842724053112,313.9273986816406,22118609,RELIANCE.NS
2017-06-23,314.66151382350904,315.9762472535587,313.4782508109989,314.6286315917969,31143289,RELIANCE.NS
2017-06-27,313.78501362683903,316.1953631129135,312.2511335868611,314.9134826660156,32591540,RELIANCE.NS
2017-06-28,315.5270294353656,315.5270294353656,305.79795563398994,306.4443664550781,15567803,RELIANCE.NS
2017-06-29,306.77307728770523,308.9643095837712,304.60375672950687,305.1734619140625,12898245,RELIANCE.NS
2017-06-30,305.01999981157064,305.1076467400709,301.30585882510167,302.3905334472656,7814271,RELIANCE.NS
2017-07-03,304.1873382673583,305.6116594281433,300.41843241024867,302.62060546875,9195278,RELIANCE.NS
2017-07-04,304.5818047113755,312.71129242237436,304.36268736167807,311.5827941894531,18816782,RELIANCE.NS
2017-07-05,313.22624596003726,317.1704754386472,312.0320124721136,316.1186828613281,27209010,RELIANCE.NS
2017-07-06,317.4442963298535,317.72917809615825,315.0996825323083,316.0967102050781,13590313,RELIANCE.NS
2017-07-07,316.1953471853673,328.19235855302117,315.5379951339073,326.74615478515625,35845310,RELIANCE.NS
2017-07-10,327.6116198796041,328.8825587770689,326.29688677512553,327.11859130859375,3504540,RELIANCE.NS
2017-07-11,328.9045620832272,329.64956113889144,325.83683114887873,327.4473876953125,20995547,RELIANCE.NS
2017-07-12,328.5539150304726,334.16349470048914,328.1375920668011,331.11767578125,17104482,RELIANCE.NS
2017-07-13,333.23086844260513,336.81993408746405,332.6566049650539,336.1794128417969,23010262,RELIANCE.NS
2017-07-14,335.71558405463156,339.2494198921704,334.7327163348912,338.7524719238281,20530867,RELIANCE.NS
2017-07-17,339.4703115005978,344.46187758149114,339.4703115005978,342.72808837890625,18749450,RELIANCE.NS
2017-07-18,341.6348034771382,342.73912916520715,333.7278362685187,335.69354248046875,19640167,RELIANCE.NS
2017-07-19,334.08115763520374,339.69115836182624,334.08115763520374,338.5757751464844,11790198,RELIANCE.NS
2017-07-20,340.07764097351,342.3415214996898,336.5327475955056,337.6812744140625,13626050,RELIANCE.NS
2017-07-21,342.34158994303857,351.55168584245246,341.22623601242617,350.0718994140625,97142371,RELIANCE.NS
2017-07-24,353.38484536428825,358.8843875143297,350.07186852073573,356.7530517578125,43429394,RELIANCE.NS
2017-07-25,358.84021896571454,358.8954485161936,352.8547569774608,353.8597106933594,20063064,RELIANCE.NS
2017-07-26,354.312473658256,359.98870302942044,353.6277805913232,358.4095153808594,21954323,RELIANCE.NS
2017-07-27,359.5690604090265,360.3420676547318,350.8117419699547,352.236328125,18409364,RELIANCE.NS
2017-07-28,351.4522176452941,354.6989658778993,348.525759487821,352.15899658203125,14331863,RELIANCE.NS
2017-07-31,353.8154853198396,357.53706594525914,352.5013288842713,356.741943359375,16567422,RELIANCE.NS
2017-08-01,358.4095194605089,358.4095194605089,351.5074771130434,354.1799621582031,12311920,RELIANCE.NS
2017-08-02,355.59349142919575,361.2697208771726,355.17382941970163,359.8341064453125,20786240,RELIANCE.NS
2017-08-03,359.3150253418695,367.7189682862611,357.1505462736136,364.45013427734375,19707381,RELIANCE.NS
2017-08-04,367.2993580115906,367.2993580115906,356.7199062943362,358.2770080566406,18579866,RELIANCE.NS
2017-08-07,360.36414834799587,360.36414834799587,356.1566771950295,356.9959716796875,9537088,RELIANCE.NS
2017-08-08,357.36043739728524,358.03407279367644,350.4694229976509,353.94805908203125,10961296,RELIANCE.NS
2017-08-09,353.71610031538785,357.80211354381385,350.07183498277584,353.1197509765625,10436651,RELIANCE.NS
2017-08-10,351.8498178637034,354.8535916921295,348.51475520805775,349.92828369140625,10188164,RELIANCE.NS
2017-08-11,342.5513428482333,348.967464630518,338.58678761302866,341.5132751464844,16996281,RELIANCE.NS
2017-08-14,344.77106775114976,349.96140694888464,344.77106775114976,347.4324951171875,13440617,RELIANCE.NS
2017-08-16,347.2005902980852,348.0840566366835,342.3857120219696,345.8974914550781,13576650,RELIANCE.NS
2017-08-17,346.5379796681342,352.8657877190801,344.8041906340024,346.11834716796875,15828719,RELIANCE.NS
2017-08-18,345.433623300069,348.4815685961571,343.0372273607492,347.95147705078125,7935890,RELIANCE.NS
2017-08-21,348.30494849574853,349.88413624643516,344.6054531285766,345.52203369140625,7573558,RELIANCE.NS
2017-08-22,347.2005593379133,348.9453764510271,343.6777520018999,344.56121826171875,9533641,RELIANCE.NS
2017-08-23,345.6213907767642,350.41415347910686,343.03724961393664,349.4202575683594,8320052,RELIANCE.NS
2017-08-24,351.1761774659957,351.8608410324256,345.5440905608026,346.3281555175781,12654347,RELIANCE.NS
2017-08-28,348.7577160195551,349.39820778096015,344.81524610603293,345.99688720703125,12316426,RELIANCE.NS
2017-08-29,344.9588046033179,346.2067034193985,337.92424682305705,338.39910888671875,15164812,RELIANCE.NS
2017-08-30,341.8003960760341,346.4937867079667,340.40895364676396,345.4557189941406,10334911,RELIANCE.NS
2017-08-31,347.86314217766665,352.8215933185694,347.64228298117433,352.1700439453125,25104625,RELIANCE.NS
2017-09-01,353.35168936859463,357.0511844708178,353.1639737771299,355.6155700683594,15431918,RELIANCE.NS
2017-09-04,356.80820552259064,361.3690806290162,352.4681896129682,356.3333435058594,21560532,RELIANCE.NS
2017-09-05,360.010789032804,361.08200047729855,358.0340547891191,360.5850524902344,25216776,RELIANCE.NS
2017-09-06,359.21566626029073,364.9802688061407,358.4205730709698,363.412109375,48745984,RELIANCE.NS
2017-09-07,363.54469705261135,367.74114065973725,360.01083118100075,361.38018798828125,16205339,RELIANCE.NS
2017-09-08,362.219393089958,363.65503680320745,358.72972941701636,360.85003662109375,13248413,RELIANCE.NS
2017-09-11,362.7937107772689,365.2453071341966,360.6954891781794,361.29180908203125,12690592,RELIANCE.NS
2017-09-12,363.43419811577184,364.42809409734394,360.8942581002054,363.8759460449219,6500191,RELIANCE.NS
2017-09-13,363.98637761859646,379.844512077877,363.1029112427437,375.0296630859375,29377106,RELIANCE.NS
2017-09-14,378.03341168690326,380.55126562556444,371.93752063969015,372.75469970703125,11867640,RELIANCE.NS
2017-09-15,371.9375563379193,376.73031954711837,368.7350090617626,371.8492126464844,28595395,RELIANCE.NS
2017-09-18,375.4713516471557,375.93518546398866,372.42340616228984,373.5056457519531,5061995,RELIANCE.NS
2017-09-19,374.89717297150844,374.9192588952219,369.72891938648115,370.4356689453125,7718697,RELIANCE.NS
2017-09-20,378.1659306584799,385.4103191373645,373.3068806155662,374.2124328613281,24942703,RELIANCE.NS
2017-09-21,374.14618824054907,376.2223238562813,369.39756763553936,371.650390625,12950541,RELIANCE.NS
2017-09-22,371.0098506868741,371.0098506868741,359.2156161764839,361.0708923339844,12294087,RELIANCE.NS
2017-09-25,360.01079996459333,365.73123084181907,355.68184118572685,362.9041442871094,14229631,RELIANCE.NS
2017-09-26,362.97032867227693,365.33358088734445,358.77388627742863,362.2635498046875,10564143,RELIANCE.NS
2017-09-27,364.69314469580945,364.73731653879764,351.3970366226274,353.00933837890625,18448855,RELIANCE.NS
2017-09-28,353.2301819626899,354.6657961636441,344.6384942140146,347.3993225097656,29547622,RELIANCE.NS
2017-09-29,349.74054752863793,350.46941245431447,344.1526617310185,344.9477844238281,16666208,RELIANCE.NS
2017-10-03,351.17615867583663,355.085455033399,346.91342861879815,352.65594482421875,18345748,RELIANCE.NS
2017-10-04,353.03145356480366,364.40602843646917,351.4412375981986,361.71148681640625,18907611,RELIANCE.NS
2017-10-05,364.42804240950375,365.95202979246216,361.62307172661156,364.0525817871094,10631751,RELIANCE.NS
2017-10-06,363.98637399818506,370.7669584615433,363.3679386950757,369.7509765625,12997688,RELIANCE.NS
2017-10-09,370.6122957615288,370.9656999703981,365.75327538987113,366.9238586425781,8850408,RELIANCE.NS
2017-10-10,367.0785082018204,374.2787255099428,367.0785082018204,372.4676208496094,14732024,RELIANCE.NS
2017-10-11,373.39523973586347,379.1819281847069,369.2871403222968,371.1203308105469,15420644,RELIANCE.NS
2017-10-12,371.98172841606475,387.3098011978053,371.98172841606475,385.5207824707031,18642942,RELIANCE.NS
2017-10-13,388.41413850075946,393.44984701587765,385.7858251383049,387.1551818847656,21509701,RELIANCE.NS
2017-10-16,388.28156339168794,394.0240500662016,380.46291176163845,387.30975341796875,32009221,RELIANCE.NS
2017-10-17,387.83984082578587,390.4902398782278,383.06913432627505,386.2275390625,13898844,RELIANCE.NS
2017-10-18,387.5748172799893,405.4649153973405,386.51466353590337,403.9630432128906,36671941,RELIANCE.NS
2017-10-19,404.5372891583006,407.23186018590815,398.88314551823635,401.93109130859375,8014767,RELIANCE.NS
2017-10-23,403.2562652237301,417.3033244832035,401.57767617174875,415.1167297363281,27455320,RELIANCE.NS
2017-10-24,418.6285153892324,418.6285153892324,410.01476975761955,412.6872253417969,13857773,RELIANCE.NS
2017-10-25,415.2713270795823,417.83335280720166,410.5889645428576,415.1829833984375,10011782,RELIANCE.NS
2017-10-26,415.22716692371387,423.08996117733466,411.2515832114826,418.4959716796875,16840049,RELIANCE.NS
2017-10-27,419.6444831175931,422.60408508004355,408.9104008373966,410.74359130859375,11498547,RELIANCE.NS
2017-10-30,412.57675752533976,417.6787525621229,411.07488545436416,416.33148193359375,7823263,RELIANCE.NS
2017-10-31,417.4137351173189,417.7671098544238,411.7816483214438,415.6026306152344,9504986,RELIANCE.NS
2017-11-01,418.65056667454996,423.0899546574313,417.76710036464516,420.7708740234375,17571371,RELIANCE.NS
2017-11-02,420.8813822839786,422.5157996858373,417.10457121227734,418.14263916015625,10277678,RELIANCE.NS
2017-11-03,422.27274790714154,422.27274790714154,415.29342005487695,417.5683288574219,4798537,RELIANCE.NS
2017-11-06,416.33148559755836,416.33148559755836,410.3681101274537,411.9141540527344,9757496,RELIANCE.NS
2017-11-07,412.2896986591095,413.0185341333475,398.9052457074993,400.5175476074219,20447574,RELIANCE.NS
2017-11-08,398.6622289490507,400.208272800916,390.53437467718555,392.16876220703125,17752793,RELIANCE.NS
2017-11-09,395.23880877431213,401.9310490507787,394.0461395882117,397.7787780761719,15007224,RELIANCE.NS
2017-11-10,397.97754117206864,397.97754117206864,388.3699006809376,390.4239501953125,13923102,RELIANCE.NS
2017-11-13,390.9319642773842,393.97990996497236,385.8520547980707,386.6250915527344,9088619,RELIANCE.NS
2017-11-14,386.5146389856547,395.3492431294856,385.6311726738295,391.6828918457031,12481463,RELIANCE.NS
2017-11-15,390.7111017986682,393.4056432257304,387.81775758870765,390.35772705078125,15272059,RELIANCE.NS
2017-11-16,391.1528065457484,400.20829952837727,391.1528065457484,399.2585754394531,15160866,RELIANCE.NS
2017-11-17,405.92871738189723,408.55700087016976,401.31261260639195,402.81451416015625,12219276,RELIANCE.NS
2017-11-20,400.29662340621053,408.3140482193454,399.76656132915537,406.7679748535156,9231195,RELIANCE.NS
2017-11-21,409.39630888803543,415.07253802520114,408.8220454544086,411.9362487792969,13082246,RELIANCE.NS
2017-11-22,414.1007161042799,414.63080768063,407.91648147438605,411.1411437988281,11058315,RELIANCE.NS
2017-11-23,411.251543958419,419.6002571623538,409.33001004843277,418.3192443847656,16031638,RELIANCE.NS
2017-11-24,419.6444808201569,423.8409238591258,418.49598341354334,420.13037109375,13987125,RELIANCE.NS
2017-11-27,418.42970871229033,422.9574403908958,416.99406489672486,420.24078369140625,10237135,RELIANCE.NS
2017-11-28,419.57822851232504,420.2408061667508,414.38788944992933,416.70697021484375,10153618,RELIANCE.NS
2017-11-29,416.04437294804944,419.64449623806036,415.66891226829654,417.8775634765625,8038351,RELIANCE.NS
2017-11-30,415.8676415301619,415.8676415301619,406.1716572654643,407.07720947265625,20637767,RELIANCE.NS
2017-12-01,408.3582455026828,411.36201925477985,400.95925547231275,402.0194091796875,11114967,RELIANCE.NS
2017-12-04,403.5212755747048,403.6537911003411,396.38731670080915,398.2646789550781,10103208,RELIANCE.NS
2017-12-05,398.0217638036081,406.723853206849,395.5480814976589,403.6096496582031,18306627,RELIANCE.NS
2017-12-06,401.97525953106214,410.94237995272846,401.44516790450166,409.330078125,24078081,RELIANCE.NS
2017-12-07,410.8318997561245,413.4602126684137,407.71769660925935,411.4945068359375,12095301,RELIANCE.NS
2017-12-08,412.5104867901776,413.87984329598777,405.97287764908566,406.834228515625,12224184,RELIANCE.NS
2017-12-11,407.47474782158963,409.04290708437816,403.54333619205,404.69183349609375,10792248,RELIANCE.NS
2017-12-12,404.6035150207305,410.3681173067914,401.09176513118786,404.44891357421875,15782031,RELIANCE.NS
2017-12-13,405.02319284293577,408.5791147133835,402.28445007886097,404.029296875,9147866,RELIANCE.NS
2017-12-14,405.95085015236765,408.55704802113314,401.423088535458,407.05517578125,10983157,RELIANCE.NS
2017-12-15,411.2515532528849,412.1129335927471,405.3765217961495,406.2820739746094,24408414,RELIANCE.NS
2017-12-18,402.8365885964688,411.980395231252,381.05925258538963,406.834228515625,18581421,RELIANCE.NS
2017-12-19,407.9827453027616,409.4846172896544,406.39250015220836,409.02081298828125,8891691,RELIANCE.NS
2017-12-20,408.99881456165525,409.66139227678315,405.06740216970405,405.57537841796875,10443493,RELIANCE.NS
2017-12-21,405.7078612306433,408.1374011184208,401.97525194157225,403.2783508300781,9071450,RELIANCE.NS
2017-12-22,404.0293346839389,407.4527413439847,401.66605236920446,406.56927490234375,10658428,RELIANCE.NS
2017-12-26,408.5349010562319,414.7412213683618,405.5752993771338,410.7214660644531,11596338,RELIANCE.NS
2017-12-27,412.13505512018963,414.1228175160323,405.95082025895795,408.0490417480469,9520350,RELIANCE.NS
2017-12-28,408.7116070657433,412.7534484736515,405.9949798647367,408.247802734375,15511891,RELIANCE.NS
2017-12-29,409.26380769646346,411.8258335984762,405.72994226128617,406.8563537597656,11089700,RELIANCE.NS
2018-01-01,407.5852391130104,407.5852391130104,400.87094162888235,401.8648376464844,9453202,RELIANCE.NS
2018-01-02,403.300393329744,406.1937372691744,400.3849634706358,402.4831848144531,9499419,RELIANCE.NS
2018-01-03,408.6012273440015,409.04297529596624,403.32254425415965,404.0955810546875,13507800,RELIANCE.NS
2018-01-04,405.5753612771256,407.1876926235576,404.4931215676073,406.52508544921875,9008932,RELIANCE.NS
2018-01-05,407.18766379869743,409.44048674987306,406.50297074992386,407.8281555175781,7441284,RELIANCE.NS
2018-01-08,409.08713287049676,411.25161224669074,407.9386354149987,410.16937255859375,8827020,RELIANCE.NS
2018-01-09,409.9926772142855,416.9499495671111,408.15951606607763,415.6468505859375,14294571,RELIANCE.NS
2018-01-10,416.55234523885497,418.4959652231692,413.2393686921782,416.2652282714844,11727682,RELIANCE.NS
2018-01-11,416.02226547112144,416.3977556186325,413.01849172708916,414.2332763671875,7849171,RELIANCE.NS
2018-01-12,416.55235874310455,420.8813172634133,414.45413724679906,419.2027282714844,15071161,RELIANCE.NS
2018-01-15,419.6445331687605,423.39922875835845,417.52422546325107,419.26904296875,11120925,RELIANCE.NS
2018-01-16,418.6285038363339,418.6285038363339,406.39254932082434,407.6956481933594,10825151,RELIANCE.NS
2018-01-17,409.04294771583506,410.3681325079495,400.65003206654507,408.3803405761719,13204016,RELIANCE.NS
2018-01-18,410.36813974974456,410.6331708154021,404.22807647207054,406.2600402832031,9381821,RELIANCE.NS
2018-01-19,407.7177134588513,412.7534508067957,407.3201668868598,411.38409423828125,9973533,RELIANCE.NS
2018-01-22,418.76098533026095,430.37850360430576,415.22714967023234,429.14166259765625,45700733,RELIANCE.NS
2018-01-23,430.6877657381498,437.7333516251692,430.6877657381498,434.33203125,22526810,RELIANCE.NS
2018-01-24,433.66940063591005,433.66940063591005,425.2323431757621,426.86676025390625,14289485,RELIANCE.NS
2018-01-25,427.5514666866288,429.36257130907364,422.3611274544124,426.66802978515625,13669901,RELIANCE.NS
2018-01-29,426.80045019781636,431.70364185704915,423.7525051054035,426.04949951171875,9897064,RELIANCE.NS
2018-01-30,426.623837213525,426.623837213525,419.20273170398895,419.8211669921875,9182956,RELIANCE.NS
2018-01-31,419.64445149338667,426.049545211856,415.91181306733864,424.6360168457031,12551686,RELIANCE.NS
2018-02-01,425.4974289045024,429.6275847106691,413.7252788299651,416.9278259277344,16524809,RELIANCE.NS
2018-02-02,413.0184523703565,416.9719498362159,397.99961456855874,399.4794006347656,28965593,RELIANCE.NS
2018-02-05,394.9075055299333,403.07953165825154,389.5183937255702,398.5075988769531,19191099,RELIANCE.NS
2018-02-06,387.3981122361158,396.6744644456121,384.7477132531693,394.0682373046875,24062503,RELIANCE.NS
2018-02-07,398.68432087885566,399.9432477962636,393.1405780787602,395.0841979980469,15532284,RELIANCE.NS
2018-02-08,396.63032336191645,402.2623810925237,394.17869747794714,399.56781005859375,13825894,RELIANCE.NS
2018-02-09,392.69885906222356,398.4413456444961,391.37364490021434,396.6081848144531,11580639,RELIANCE.NS
2018-02-12,398.88315689473524,405.59745450176007,398.46349486478744,404.40478515625,11877059,RELIANCE.NS
2018-02-14,407.7177314304644,416.33150625485683,406.83426507766427,412.42218017578125,22247829,RELIANCE.NS
2018-02-15,414.18913045278,417.76713837184013,409.9926577271469,413.3056640625,13363743,RELIANCE.NS
2018-02-16,415.0504503430303,416.37566457278876,405.5532389615524,406.966796875,9628162,RELIANCE.NS
2018-02-19,406.834250693511,411.6933007185078,403.5433600239128,409.4846496582031,8941900,RELIANCE.NS
2018-02-20,410.36814215344265,410.6110872983851,405.86249606202347,406.8784484863281,8458450,RELIANCE.NS
2018-02-21,410.8098525795759,411.91417815860615,407.3422743896304,410.5227355957031,11917390,RELIANCE.NS
2018-02-22,407.27598865425296,411.25157226062186,406.39252235425874,408.3140563964844,11196908,RELIANCE.NS
2018-02-23,408.777899129094,414.34372849582064,407.60731575496516,412.6872253417969,10610664,RELIANCE.NS
2018-02-26,414.7854391158514,417.39166637087266,413.72528537370306,414.6529235839844,8435611,RELIANCE.NS
2018-02-27,414.78541671116307,422.2064925053509,414.49829974095985,419.8653259277344,14021366,RELIANCE.NS
2018-02-28,417.8554614653701,422.78076939325695,416.6407062963173,421.65435791015625,56650480,RELIANCE.NS
2018-03-01,419.53409356927284,424.0176540407587,417.8555043893279,418.937744140625,8956590,RELIANCE.NS
2018-03-05,416.5523579250889,419.71073312398624,407.0993182496366,408.2036437988281,12325694,RELIANCE.NS
2018-03-06,410.3681335199396,413.5485947211846,399.81076802606185,402.3507080078125,16019726,RELIANCE.NS
2018-03-07,401.6438960610846,401.6438960610846,392.27920060030743,393.0301513671875,15853546,RELIANCE.NS
2018-03-08,396.5198616194217,403.9630534254239,394.5983568680487,402.6157531738281,13283967,RELIANCE.NS
2018-03-09,404.1397271653191,406.1054331827107,402.4390522099005,403.3446044921875,10638527,RELIANCE.NS
2018-03-12,406.3925346228884,412.1792228445798,405.31029500734587,410.9423522949219,8315150,RELIANCE.NS
2018-03-13,411.64916111790114,413.46026574459586,406.9889135028455,411.6270751953125,11148731,RELIANCE.NS
2018-03-14,410.27976815072793,411.71538247925685,406.0391534398378,410.39019775390625,14724464,RELIANCE.NS
2018-03-15,408.60121571667827,410.5669218033103,401.9752620106834,402.7703552246094,12711836,RELIANCE.NS
2018-03-16,401.53351623740934,401.8427486428174,391.3958123202465,397.5800476074219,30814962,RELIANCE.NS
2018-03-19,397.99967032673925,400.60586811883854,394.0240863848267,395.5701599121094,12630833,RELIANCE.NS
2018-03-20,394.5983195021315,399.3248244347961,391.8374909798561,393.05224609375,15192983,RELIANCE.NS
2018-03-21,395.28298536522124,398.5959619191376,394.598321826149,396.18853759765625,14715126,RELIANCE.NS
2018-03-22,395.79102394517105,402.836639617899,395.68059433291023,401.1580505371094,22129723,RELIANCE.NS
2018-03-23,393.40564299413484,397.55791422821034,392.7430653422368,394.8633728027344,23469999,RELIANCE.NS
2018-03-26,394.88544805847977,399.4573516819354,394.2449268584004,398.0438232421875,13227705,RELIANCE.NS
2018-03-27,400.73837759916535,402.30650742234764,396.23270243722345,397.46954345703125,15179544,RELIANCE.NS
2018-03-28,395.7026736160722,395.7247595381538,388.72331582780373,389.9159851074219,19160609,RELIANCE.NS
2018-04-02,394.46578098920827,397.9775603530314,391.59455230442575,394.4436950683594,12494499,RELIANCE.NS
2018-04-03,393.5823498776638,398.30885495689813,391.04238048147505,397.359130859375,13922126,RELIANCE.NS
2018-04-04,399.6340736114515,402.77036314525293,394.0461876454072,395.30511474609375,14214534,RELIANCE.NS
2018-04-05,399.8107581409622,401.97523739854904,399.103979173534,401.18011474609375,8527915,RELIANCE.NS
2018-04-06,401.09177688805187,405.72993836820274,399.7665921061819,402.4169616699219,9664888,RELIANCE.NS
2018-04-09,403.10165228472334,405.95082461261825,403.10165228472334,404.6256103515625,7813897,RELIANCE.NS
2018-04-10,405.68576690463857,408.11530674208717,403.8084340815711,405.0894470214844,8455132,RELIANCE.NS
2018-04-11,407.18763332207226,412.02456768250596,404.6476640963641,411.185302734375,13140816,RELIANCE.NS
2018-04-12,410.7435718769946,413.7473455406373,408.2478038744319,410.235595703125,10822592,RELIANCE.NS
2018-04-13,412.0025204080658,415.97810427358496,410.235617180111,414.71917724609375,12616816,RELIANCE.NS
2018-04-16,412.775544364944,415.22717006588465,410.1472607826156,413.9240417480469,8934275,RELIANCE.NS
2018-04-17,415.2271594568929,418.4076204720431,413.46022684162824,417.1044921875,9599816,RELIANCE.NS
2018-04-18,417.5462358681623,418.8493346523352,413.0405606934608,414.34368896484375,7360987,RELIANCE.NS
2018-04-19,414.82960609806076,417.4358333225374,413.0185015426797,416.2431640625,9802587,RELIANCE.NS
2018-04-20,414.3437673618711,416.0444130329944,406.92269033067384,409.88226318359375,7326696,RELIANCE.NS
2018-04-23,410.8098669386417,417.14870365051263,410.14728926039163,413.46026611328125,7674482,RELIANCE.NS
2018-04-24,413.3718910099758,430.9969571946898,413.01848678788514,428.50115966796875,19921115,RELIANCE.NS
2018-04-25,430.09142425772006,433.6915179925618,425.6299500807275,428.6999816894531,14079382,RELIANCE.NS
2018-04-26,429.8043088875614,436.4302624121801,425.05568822053596,430.8423767089844,34096999,RELIANCE.NS
2018-04-27,437.22536049167144,446.5900562795913,435.3259123317311,440.09661865234375,25518647,RELIANCE.NS
2018-04-30,433.77990215558435,438.4622356704007,424.06180139183044,425.51953125,19406069,RELIANCE.NS
2018-05-02,427.153839257691,432.54295077304613,426.29245895452704,429.6717224121094,13381914,RELIANCE.NS
2018-05-03,431.96880242584024,431.96880242584024,423.73051734951315,424.7685852050781,8634812,RELIANCE.NS
2018-05-04,425.3207567036084,426.13796537688324,419.64452681300935,421.3893737792969,8302649,RELIANCE.NS
2018-05-07,423.5537808475155,429.91470277960525,422.44945535182814,428.9208068847656,7683268,RELIANCE.NS
2018-05-08,431.79210889831376,433.779900890228,426.358795060568,427.1980895996094,10792648,RELIANCE.NS
2018-05-09,426.66801315469206,434.7958387419284,425.0556818979233,431.4386901855469,9831044,RELIANCE.NS
2018-05-10,432.89641223828414,434.9283759705078,430.3564428293989,433.4043884277344,8781584,RELIANCE.NS
2018-05-11,433.448617093168,437.8880058013639,431.90257291364713,436.98248291015625,8774740,RELIANCE.NS
2018-05-14,438.17508005448985,438.17508005448985,431.43866788109705,435.8117980957031,5642499,RELIANCE.NS
2018-05-15,434.2436605785683,441.7309939178403,431.4165743385117,432.43255615234375,10501479,RELIANCE.NS
2018-05-16,430.2459934161951,430.2459934161951,420.7266963976513,422.361083984375,18840763,RELIANCE.NS
2018-05-17,423.77462745332514,424.0617444069953,415.8897182894804,417.59039306640625,10353948,RELIANCE.NS
2018-05-18,417.70086764500707,421.19053176549426,411.69331996725697,412.5105285644531,11440117,RELIANCE.NS
2018-05-21,411.14118840909504,413.3277537384678,407.3202058197804,411.4062194824219,14491208,RELIANCE.NS
2018-05-22,412.20132350955527,412.5767841797532,408.6012003111627,409.3742370605469,11310073,RELIANCE.NS
2018-05-23,409.0429212216042,409.0429212216042,401.59973017681125,402.9691162109375,9991028,RELIANCE.NS
2018-05-24,403.7421481005316,406.8342655956632,402.0415026448969,404.5593566894531,11632489,RELIANCE.NS
2018-05-25,404.625603248716,407.8944080266636,403.94093969597446,406.74591064453125,17782410,RELIANCE.NS
2018-05-28,408.55706702423225,409.48470531359453,405.55329291753884,406.56927490234375,11369679,RELIANCE.NS
2018-05-29,407.0551624642299,409.9263913130622,403.91887306285525,405.2661437988281,17878384,RELIANCE.NS
2018-05-30,404.1176517445624,407.8060892478365,400.4733565988856,404.6697998046875,13105124,RELIANCE.NS
2018-05-31,406.8342606645501,407.408524108165,403.98511782951005,406.9888916015625,37080158,RELIANCE.NS
2018-06-01,406.3925188271169,413.34979007787916,405.70782581594165,411.05279541015625,19174278,RELIANCE.NS
2018-06-04,412.3117399143121,416.9940731297958,411.052812926165,415.6026306152344,12250151,RELIANCE.NS
2018-06-05,416.463991061914,421.85310298050405,415.66886845432936,418.60638427734375,17436812,RELIANCE.NS
2018-06-06,418.3192690934185,422.294823173803,416.39773506993396,421.58807373046875,9164022,RELIANCE.NS
2018-06-07,421.8089347789721,431.12945848865303,421.61016149716374,429.0754089355469,14999572,RELIANCE.NS
2018-06-08,426.86676483056283,435.7897126334314,424.32679550483186,434.81793212890625,14289325,RELIANCE.NS
2018-06-11,436.0326920094839,441.7089210907855,432.47674081206156,434.0669860839844,15018718,RELIANCE.NS
2018-06-12,434.3982713230844,441.7310033783938,433.0289147576214,440.4720764160156,16285583,RELIANCE.NS
2018-06-13,441.73103207621193,444.3372593399646,437.0928704964789,442.8353576660156,12962502,RELIANCE.NS
2018-06-14,440.6045767284937,446.94341264998974,436.16518888890295,445.2427673339844,11997529,RELIANCE.NS
2018-06-15,444.3813912043808,452.11166963753624,441.39970353400076,448.0035705566406,24705890,RELIANCE.NS
2018-06-18,445.6182572305983,450.7644243306372,444.82313457641976,448.5999450683594,12363932,RELIANCE.NS
2018-06-19,447.87108648190514,448.26866255819596,438.9260228427197,439.9862060546875,13881382,RELIANCE.NS
2018-06-20,439.9640661141688,451.84664512729813,439.45608994533615,450.23431396484375,15735681,RELIANCE.NS
2018-06-21,452.08960529491947,457.63334841904106,451.13988119959373,455.8443298339844,22988909,RELIANCE.NS
2018-06-22,454.27615462354066,454.6295588363348,445.4636365066074,447.2526550292969,35370008,RELIANCE.NS
2018-06-25,446.7667477845637,449.01957069756395,442.74699221982524,443.69671630859375,11369371,RELIANCE.NS
2018-06-26,444.3813927967452,444.3813927967452,430.7981685744807,432.43255615234375,17649122,RELIANCE.NS
2018-06-27,435.12313281430056,438.1914528339474,428.0971207815019,429.4978942871094,19595831,RELIANCE.NS
2018-06-28,427.78589223467634,430.67634407128054,418.13626009040524,420.20404052734375,18770484,RELIANCE.NS
2018-06-29,422.0494017966324,433.7890761231947,422.0049346825616,432.4327697753906,17425606,RELIANCE.NS
2018-07-02,432.38833426741104,432.38833426741104,425.5624536526587,427.1632995605469,14570004,RELIANCE.NS
2018-07-03,429.1198998718936,435.1009050872301,427.0521196066898,431.9214172363281,11084063,RELIANCE.NS
2018-07-04,432.1438039820538,441.1264296476073,431.78806701149483,440.2815246582031,10938521,RELIANCE.NS
2018-07-05,443.34981193687685,448.4192118099807,426.2739636774319,428.8975830078125,40946479,RELIANCE.NS
2018-07-06,429.00877509721016,437.1242620655491,428.8976072959262,434.70074462890625,20039239,RELIANCE.NS
2018-07-09,438.9474867032681,444.68389384532946,437.3466109475184,443.3943176269531,11309207,RELIANCE.NS
2018-07-10,445.9067429463483,457.3573526750429,444.68386748326304,456.11224365234375,22846197,RELIANCE.NS
2018-07-11,455.8009512965808,462.871430694699,452.62146337592776,461.9375915527344,18953870,RELIANCE.NS
2018-07-12,464.40560826922024,488.7075721588302,463.6274039826492,481.3035888671875,52736376,RELIANCE.NS
2018-07-13,480.480962557516,493.15444841252713,480.2585972654157,489.0633544921875,39301408,RELIANCE.NS
2018-07-16,489.0633234859249,493.1099500281566,477.16801301227514,478.56878662109375,14427529,RELIANCE.NS
2018-07-17,479.5026190457951,487.35127318235175,475.63386103299104,485.75042724609375,14150770,RELIANCE.NS
2018-07-18,488.4407718955738,491.19782241037757,479.0579423423618,485.8393859863281,10241565,RELIANCE.NS
2018-07-19,486.1728896534325,495.82252193400575,483.0823357343073,491.3089904785156,11885426,RELIANCE.NS
2018-07-20,495.11098278283094,506.27252537011725,494.443946380736,501.8924255371094,17538801,RELIANCE.NS
2018-07-23,502.40381631461236,502.40381631461236,494.97762936510736,498.1793212890625,12779803,RELIANCE.NS
2018-07-24,498.9353411713594,501.0475590823347,492.44293377916534,494.0215759277344,9775749,RELIANCE.NS
2018-07-25,493.59913550659326,499.38003960063014,491.0199830047987,495.8892517089844,13014255,RELIANCE.NS
2018-07-26,493.6435229040962,498.71295221163666,492.620749556292,493.8880920410156,14053674,RELIANCE.NS
2018-07-27,497.82365161903687,505.7835044388453,494.5552288907959,502.4261474609375,14610585,RELIANCE.NS
2018-07-30,502.49283241641143,514.6327140449583,501.60348989504956,512.0090942382812,30344461,RELIANCE.NS
2018-07-31,511.8311132473274,529.351632016895,510.11909958563047,527.39501953125,30350826,RELIANCE.NS
2018-08-01,529.351672516729,534.910240584873,527.1282571632015,530.2188110351562,21227054,RELIANCE.NS
2018-08-02,529.840913329401,529.840913329401,518.4792367942981,519.5464477539062,13668930,RELIANCE.NS
2018-08-03,522.5035280351705,526.2833517301588,520.0799810975606,523.3706665039062,14536058,RELIANCE.NS
2018-08-06,523.2595074690602,531.8418991839944,522.6592310277675,530.3300170898438,8785462,RELIANCE.NS
2018-08-07,531.3527046103314,534.2431858687016,523.3928534238551,526.5946044921875,8879612,RELIANCE.NS
2018-08-08,526.9504127623593,543.6260583601007,526.9504127623593,541.4915771484375,17307566,RELIANCE.NS
2018-08-09,543.1813957338118,547.7171609592524,538.9569003653997,541.602783203125,14976885,RELIANCE.NS
2018-08-10,538.5122253264666,540.2909695798277,534.6434669649205,535.4883422851562,7833494,RELIANCE.NS
2018-08-13,532.5312239105601,533.5984942787792,525.9277074291316,528.151123046875,10211072,RELIANCE.NS
2018-08-14,529.1738266928132,541.2692399802731,526.6391413928889,538.3343505859375,11592139,RELIANCE.NS
2018-08-16,535.0658517360988,540.7355573527685,531.6195018821965,533.976318359375,13086024,RELIANCE.NS
2018-08-17,537.6227613332999,540.4687755569657,533.6428653111069,535.2882080078125,8379864,RELIANCE.NS
2018-08-20,537.1336581393147,549.9850119964649,537.0224606552896,549.14013671875,16639535,RELIANCE.NS
2018-08-21,550.1851129422862,556.5218255922935,545.6270849879666,554.6096801757812,15923396,RELIANCE.NS
2018-08-23,554.2095025896118,566.5272509074617,550.6965407791934,564.5039672851562,17429373,RELIANCE.NS
2018-08-24,562.6363084475881,569.1731533495449,560.3239587837522,568.0836791992188,14550512,RELIANCE.NS
2018-08-27,568.9284443537545,576.2434921424017,568.6394378071352,574.3091430664062,12188510,RELIANCE.NS
2018-08-28,576.3103509505812,588.3168302007017,575.8656797269444,586.5380859375,19018790,RELIANCE.NS
2018-08-29,585.3372944998465,590.9847959904687,573.7310810943876,575.509765625,24230135,RELIANCE.NS
2018-08-30,575.2430167338491,576.8216884553461,564.9486118914537,566.7273559570312,21545859,RELIANCE.NS
2018-08-31,564.7485403277129,564.7485403277129,549.8961059459455,552.1417846679688,33479841,RELIANCE.NS
2018-09-03,553.6313754210861,559.3678113787188,545.2045899451549,546.5831298828125,26686176,RELIANCE.NS
2018-09-04,549.2512029558178,557.9892580276016,546.5164457567754,552.2750854492188,19333815,RELIANCE.NS
2018-09-05,552.5197181795183,557.0332794403364,537.400481265716,545.6271362304688,22584608,RELIANCE.NS
2018-09-06,547.027893644338,562.8364010140253,544.8934123881183,560.9242553710938,24487897,RELIANCE.NS
2018-09-07,562.480701658981,569.7957516157761,557.8560018559197,568.5728759765625,23389269,RELIANCE.NS
2018-09-10,566.9718986178387,567.8613003399703,555.8992894737322,558.4562377929688,15440786,RELIANCE.NS
2018-09-11,559.8569858494014,564.0370136791685,548.851047615597,550.3851928710938,23787332,RELIANCE.NS
2018-09-12,556.6552845469216,559.7236347017905,546.4498128904398,556.9666137695312,17642490,RELIANCE.NS
2018-09-14,560.0348380467377,567.2386890601483,554.8098034113691,557.2555541992188,17233514,RELIANCE.NS
2018-09-17,556.1883445058162,556.1883445058162,543.2257940620204,545.137939453125,14773803,RELIANCE.NS
2018-09-18,545.182436718355,551.1412088051937,540.0018689028976,541.2469482421875,16660044,RELIANCE.NS
2018-09-19,544.2930427848416,544.2930427848416,534.0653677334085,538.4010009765625,24642640,RELIANCE.NS
2018-09-21,542.0695946487879,550.2517816901769,526.2833524583987,541.402587890625,41713856,RELIANCE.NS
2018-09-24,540.0462918745893,551.3634993287706,535.6216654482612,547.8727416992188,22098277,RELIANCE.NS
2018-09-25,549.4068531740727,553.6313476366498,531.397138132677,547.2279052734375,21250513,RELIANCE.NS
2018-09-26,550.9633146880527,557.6112971297255,545.6938128793007,556.4773559570312,13992341,RELIANCE.NS
2018-09-27,558.0783296844626,561.6358184226336,550.2963453329604,557.5224609375,23642923,RELIANCE.NS
2018-09-28,560.2571530768485,565.504450762396,554.6541184706492,559.3900146484375,24220992,RELIANCE.NS
2018-10-01,559.278908851697,559.278908851697,535.3993542498139,547.7171020507812,16039441,RELIANCE.NS
2018-10-03,546.7388838825808,551.2301819824413,533.6429304390846,535.8885498046875,16135428,RELIANCE.NS
2018-10-04,528.9514129406544,529.3516169759419,491.8203032533818,499.0464172363281,50774608,RELIANCE.NS
2018-10-05,488.9299261248213,495.9559090483925,461.64854708088967,466.40667724609375,47998260,RELIANCE.NS
2018-10-08,466.9180941850017,496.71189612404964,456.04555667950297,493.3323059082031,53983473,RELIANCE.NS
2018-10-09,498.7796251605546,499.51336225851844,480.79217211386884,484.7276306152344,24042005,RELIANCE.NS
2018-10-10,486.43966766497186,496.20049693497,482.17070558841056,490.0860900878906,20784941,RELIANCE.NS
2018-10-11,473.14364091100714,495.71132662023854,463.8052789913624,483.72711181640625,28926389,RELIANCE.NS
2018-10-12,491.3534231595213,502.0480617036656,489.99714639878323,500.9585876464844,19814528,RELIANCE.NS
2018-10-15,502.4483009152021,510.0079488528521,497.22329553432496,506.8284606933594,19406012,RELIANCE.NS
2018-10-16,509.6077473830085,519.1239486657785,506.9396014097709,517.5231323242188,16358598,RELIANCE.NS
2018-10-17,524.2822240731865,524.4378292846341,506.9395156554586,511.9644775390625,27967162,RELIANCE.NS
2018-10-19,489.1522741167524,494.0438057632177,475.92291995334614,489.7303466796875,55606079,RELIANCE.NS
2018-10-22,493.5990784285721,495.73355945369144,470.1864878290243,472.5433044433594,28798142,RELIANCE.NS
2018-10-23,468.1409486618189,473.45491775221717,464.0943221349092,469.0080871582031,23128845,RELIANCE.NS
2018-10-24,477.99068917766,478.45762361338166,458.64695801624043,465.0281677246094,29869514,RELIANCE.NS
2018-10-25,460.6924755387042,462.76025581761445,451.9766535752421,458.3800964355469,30833933,RELIANCE.NS
2018-10-26,459.313974169843,470.03087663847646,454.4669393430194,464.6501770019531,20085933,RELIANCE.NS
2018-10-29,465.1393222129333,486.41743181850205,465.1393222129333,483.72711181640625,16781215,RELIANCE.NS
2018-10-30,482.70433807824037,482.70433807824037,467.8518754425523,470.0308532714844,19263668,RELIANCE.NS
2018-10-31,470.92020599104325,473.9662926855967,465.5840033067991,471.9207458496094,35999348,RELIANCE.NS
2018-11-01,474.8778635314597,474.8778635314597,466.91804204900353,469.6972961425781,20552752,RELIANCE.NS
2018-11-02,474.4776703553768,480.70324478770397,472.7656269969736,477.99066162109375,36739798,RELIANCE.NS
2018-11-05,477.3459192459683,485.9060772219518,473.58832891195686,484.8388366699219,16585905,RELIANCE.NS
2018-11-06,486.4841364998654,494.4884552638269,485.4168959769588,490.9754638671875,18886485,RELIANCE.NS
2018-11-07,495.82248475692427,495.82248475692427,492.1316249894632,493.91033935546875,2808599,RELIANCE.NS
2018-11-09,491.93150130746153,495.28885754931315,482.48197219309054,486.2395324707031,23712291,RELIANCE.NS
2018-11-12,488.12949307154554,488.61863138641775,477.8350580562082,480.2585754394531,12690610,RELIANCE.NS
2018-11-13,477.5905059898117,490.4863273280188,475.8339953367159,488.90771484375,14899604,RELIANCE.NS
2018-11-14,491.397916165827,494.7775063085712,482.70435680899146,488.24066162109375,17034346,RELIANCE.NS
2018-11-15,487.7960235191034,490.48634380621,483.1490607837767,487.7515563964844,14943663,RELIANCE.NS
2018-11-16,488.2405969666893,502.47048893558417,487.86262650012264,501.3365478515625,24131016,RELIANCE.NS
2018-11-19,503.7823898284319,512.1424461971659,502.93751451466466,511.3865051269531,15987574,RELIANCE.NS
2018-11-20,509.16306710824983,514.0101019045014,502.4927616626139,505.783447265625,12511640,RELIANCE.NS
2018-11-21,505.82787858322143,509.3853666532768,492.28725566419314,494.8886413574219,16422494,RELIANCE.NS
2018-11-22,495.60015378690093,500.4249844525121,489.1967107672728,490.4195861816406,12670591,RELIANCE.NS
2018-11-26,493.15441165226196,496.93420575564187,487.99607751479056,493.4879150390625,13969873,RELIANCE.NS
2018-11-27,492.66522986852226,502.4927298832469,491.5757558178303,501.69232177734375,14896607,RELIANCE.NS
2018-11-28,503.58222551007844,514.832762803635,500.8474680134141,512.5648803710938,17507771,RELIANCE.NS
2018-11-29,516.2779456717894,524.6824681597061,515.833274507063,519.6130981445312,27640198,RELIANCE.NS
2018-11-30,521.3028304362663,527.3950032870343,516.8560002063974,519.1906127929688,23443212,RELIANCE.NS
2018-12-03,522.459029076167,522.459029076167,510.71935465234606,514.254638671875,12182825,RELIANCE.NS
2018-12-04,514.9438646549513,514.9438646549513,507.91788225758813,512.4091796875,11358720,RELIANCE.NS
2018-12-05,508.60726468647596,515.2997748795739,506.62838854429,513.6766357421875,12729759,RELIANCE.NS
2018-12-06,510.9417493566612,510.9417493566612,497.26775387222006,499.6690673828125,12831451,RELIANCE.NS
2018-12-07,502.2482372161183,505.58333067007663,492.86537781286086,504.1825866699219,15779984,RELIANCE.NS
2018-12-10,493.599082679723,495.5112281320951,481.6371013493278,484.81658935546875,20521072,RELIANCE.NS
2018-12-11,474.0329833745023,490.08608789212525,469.1414816662142,488.0627746582031,29518062,RELIANCE.NS
2018-12-12,488.7075441891058,495.1554840289615,483.7048747236817,493.8214111328125,27572962,RELIANCE.NS
2018-12-13,501.60342127626643,501.60342127626643,486.95108966063515,492.28729248046875,20337275,RELIANCE.NS
2018-12-14,490.53079632057154,495.7780650549889,485.50586319262817,494.5774230957031,15795834,RELIANCE.NS
2018-12-17,496.24490105839766,503.8267515252124,494.2660551847278,502.4482116699219,11077711,RELIANCE.NS
2018-12-18,499.51346517066463,506.49498192355037,498.26832629809866,505.3388366699219,12841994,RELIANCE.NS
2018-12-19,507.60667667186027,510.1858290814059,503.9157868587939,505.51666259765625,16118419,RELIANCE.NS
2018-12-20,498.49060945378,503.60450641252686,496.33392442719014,501.8035583496094,12609700,RELIANCE.NS
2018-12-21,500.26932244943106,503.04860635781375,487.3735021084379,489.2411804199219,18115814,RELIANCE.NS
2018-12-24,489.5524579275047,490.57523133467276,483.1712483333816,484.3274230957031,9065704,RELIANCE.NS
2018-12-26,482.8377764410723,489.152285769515,473.87738434318686,488.4185485839844,15771193,RELIANCE.NS
2018-12-27,492.35398327412855,501.15874001330144,490.93100577885446,498.1348571777344,27294221,RELIANCE.NS
2018-12-28,500.4916527726917,504.82734512314096,498.57950736363694,500.513916015625,16768547,RELIANCE.NS
2018-12-31,502.9152052782862,504.20481106054626,496.3561273100057,498.6017761230469,15799099,RELIANCE.NS
2019-01-01,500.380511591524,501.29211717323517,493.64353558398005,498.4905700683594,9746670,RELIANCE.NS
2019-01-02,495.60012481927885,501.15869228234436,489.5968862076428,491.9981994628906,15628818,RELIANCE.NS
2019-01-03,492.48739248563277,495.6446470445033,484.74990584992383,485.9283142089844,16288287,RELIANCE.NS
2019-01-04,487.9960714293212,491.13109227912537,480.74772345630646,488.5519104003906,18516544,RELIANCE.NS
2019-01-07,492.2650051066426,497.3566382099471,489.5968891462382,491.26446533203125,12060290,RELIANCE.NS
2019-01-08,491.4201032399845,493.57681770532923,487.37347700167027,491.2200012207031,12304389,RELIANCE.NS
2019-01-09,494.4884553327521,496.7118706154236,488.5741504955051,493.9325866699219,12614237,RELIANCE.NS
2019-01-10,492.59853351611844,494.04377419977465,490.4862860716892,492.48736572265625,8925160,RELIANCE.NS
2019-01-11,492.531854365571,495.2889048168985,484.082864218601,488.2851257324219,14139060,RELIANCE.NS
2019-01-14,486.92884074563796,489.3745916363414,483.10454981021815,487.7292785644531,8994060,RELIANCE.NS
2019-01-15,491.37565675274993,503.38213462554216,491.37565675274993,502.3371276855469,22011407,RELIANCE.NS
2019-01-16,504.7161611262395,509.1630510728316,502.64841043601535,505.1164245605469,13961606,RELIANCE.NS
2019-01-17,508.91838763060974,510.4525327051985,502.4926820463431,504.4715576171875,16379077,RELIANCE.NS
2019-01-18,510.85280980484947,529.1293300822731,504.8273667420513,526.6613159179688,56181172,RELIANCE.NS
2019-01-21,530.9525279850722,551.3857327105305,528.5734481188317,550.3851928710938,48206814,RELIANCE.NS
2019-01-22,548.2284161251823,554.4984568194857,542.3363161862849,549.2511596679688,36207430,RELIANCE.NS
2019-01-23,548.4286147581106,553.275709031057,543.4037113706246,545.3158569335938,19313542,RELIANCE.NS
2019-01-24,544.7376911259244,557.2777732565327,542.5587432111155,554.7208251953125,28775487,RELIANCE.NS
2019-01-25,556.0549254924592,562.3916378569832,549.3624168361791,554.0760498046875,18703992,RELIANCE.NS
2019-01-28,556.0772380521597,558.5007853675066,543.5816199737301,546.7611083984375,18744303,RELIANCE.NS
2019-01-29,547.4058319436815,547.6948978925816,534.2209456710425,538.3565063476562,20405845,RELIANCE.NS
2019-01-30,540.2910091697695,544.7378404446878,529.6630099929512,531.7085571289062,17164298,RELIANCE.NS
2019-01-31,534.5099806581494,546.8277277392239,534.0653095076366,545.6937866210938,22279301,RELIANCE.NS
2019-02-01,548.7398663456796,558.0781978668495,545.649312834436,555.83251953125,20187323,RELIANCE.NS
2019-02-04,554.5207606926173,576.7327691603633,552.3196086388238,574.0424194335938,25528059,RELIANCE.NS
2019-02-05,574.5315526145657,580.0456533746585,568.572780672687,574.3314208984375,20479210,RELIANCE.NS
2019-02-06,576.42139839868,585.9376579308329,575.5320560913038,582.64697265625,20586783,RELIANCE.NS
2019-02-07,582.6470609227102,587.5163592148692,571.9079837753518,573.8201293945312,20150710,RELIANCE.NS
2019-02-08,571.3298323524249,578.311407759681,565.7490602967357,568.172607421875,14230054,RELIANCE.NS
2019-02-11,567.3721777883574,567.4166449072653,556.2995089683704,557.300048828125,16457901,RELIANCE.NS
2019-02-12,556.5217966214702,565.7934572740039,556.5217966214702,558.7007446289062,13998153,RELIANCE.NS
2019-02-14,551.852609491759,551.852609491759,541.6248765756743,544.3818969726562,14496604,RELIANCE.NS
2019-02-15,546.8499357176113,555.810326626612,539.8461572542001,553.3867797851562,20994460,RELIANCE.NS
2019-02-18,555.8548007347506,556.9665380020092,540.2908945736532,542.5587768554688,21106139,RELIANCE.NS
2019-02-19,541.6249044942708,551.274565434073,538.6010812612611,540.780029296875,13658461,RELIANCE.NS
2019-02-20,544.2264022595144,551.40805031561,542.0696577706717,548.8955688476562,13776558,RELIANCE.NS
2019-02-21,549.6293439823311,559.3234741753902,546.67219108641,554.4763793945312,23142949,RELIANCE.NS
2019-02-22,553.4534732083877,553.764742995311,545.1823528241437,548.006103515625,19152470,RELIANCE.NS
2019-02-25,549.6292906047091,552.742107821758,542.8033797195588,547.9839477539062,17176522,RELIANCE.NS
2019-02-26,537.8450640419154,549.0956001606612,536.2887150429395,542.6254272460938,22160532,RELIANCE.NS
2019-02-27,546.0940216134371,553.5869387145924,537.6227685570489,544.0706787109375,24308835,RELIANCE.NS
2019-02-28,548.6288334415959,551.3413876088596,545.4270814993649,547.4281616210938,24688859,RELIANCE.NS
2019-03-01,550.0738873711305,552.4529670830805,543.5148394691456,545.20458984375,17329606,RELIANCE.NS
2019-03-05,544.0262041170199,551.3190487732026,541.8917231342477,550.3629760742188,15577500,RELIANCE.NS
2019-03-06,551.319020674532,566.1269854483477,549.2290069152409,562.4360961914062,26332276,RELIANCE.NS
2019-03-07,562.0803355366173,569.1063174675843,559.4789203838766,564.859619140625,17738092,RELIANCE.NS
2019-03-08,562.9920499157988,566.7274068521014,561.1911018140993,563.458984375,13211934,RELIANCE.NS
2019-03-11,564.7707924193708,583.4252544303251,563.8591867487826,579.9122924804688,21258869,RELIANCE.NS
2019-03-12,585.6042004364595,593.2083156201982,584.4257920428238,592.0299072265625,24561597,RELIANCE.NS
2019-03-13,594.5423874268889,604.7700627353223,590.5846949191043,599.1226196289062,24577591,RELIANCE.NS
2019-03-14,600.2120350971369,605.6594053107309,594.1420658815271,596.5656127929688,22753310,RELIANCE.NS
2019-03-15,598.0997697695152,604.2364100965389,583.0694684590887,587.7164306640625,34764353,RELIANCE.NS
2019-03-18,591.874205781967,603.8584800704158,590.9848634151969,600.345458984375,22104063,RELIANCE.NS
2019-03-19,604.770062981689,613.6637840318997,597.2549414208606,612.129638671875,21448030,RELIANCE.NS
2019-03-20,612.6853266458768,617.2210908303263,606.5486870526096,611.6403198242188,21639437,RELIANCE.NS
2019-03-22,610.3286275838059,614.0639844657932,594.4089827675687,596.6546020507812,25078643,RELIANCE.NS
2019-03-25,591.6963034908932,594.4755872811774,585.5151962891665,588.9614868164062,17394088,RELIANCE.NS
2019-03-26,591.5629736823022,609.9284290452625,591.4295723187786,607.9940795898438,20734876,RELIANCE.NS
2019-03-27,612.7521034470577,612.7521034470577,597.7662699100543,599.9896850585938,22079870,RELIANCE.NS
2019-03-28,600.4343864888832,609.1279751855097,597.1214971568348,604.77001953125,22930248,RELIANCE.NS
2019-04-01,609.2169554334296,625.5812716150122,605.9040658511692,618.9332885742188,22088854,RELIANCE.NS
2019-04-02,621.6681237916105,623.9360064078156,613.7082713893142,617.9772338867188,17526740,RELIANCE.NS
2019-04-03,619.3334843305834,623.8915126137143,610.1062896471476,611.529296875,17169813,RELIANCE.NS
2019-04-04,613.2190476033604,615.3090614383648,599.10029291152,601.6795043945312,18320845,RELIANCE.NS
2019-04-05,605.1925161296278,606.504325853729,597.2104603007144,602.0574951171875,14717266,RELIANCE.NS
2019-04-08,602.9912862254353,603.6582929392833,588.627992740065,591.095947265625,19081843,RELIANCE.NS
2019-04-09,590.9403114289948,596.1875493766559,587.4272908474763,593.4083251953125,20774977,RELIANCE.NS
2019-04-10,594.9647482369978,599.4338419665922,589.8731148625114,592.0520629882812,16651949,RELIANCE.NS
2019-04-11,592.7413042551912,601.657228039029,590.9848235150835,598.9002075195312,12558520,RELIANCE.NS
2019-04-12,600.3231118827459,603.391461356789,594.3866039921925,597.2548217773438,12948769,RELIANCE.NS
2019-04-15,598.0998002294208,599.8563405148398,593.652969511252,595.943115234375,9285737,RELIANCE.NS
2019-04-16,598.0997545833641,604.7700001515543,595.8763393939673,597.5439453125,17360317,RELIANCE.NS
2019-04-18,611.4403940056471,617.9994430523104,606.9935629801839,616.3096923828125,39286534,RELIANCE.NS
2019-04-22,604.770013246378,607.8828302001219,596.4544248221322,598.2554321289062,23607922,RELIANCE.NS
2019-04-23,599.4337497998241,610.5508243068135,598.5444075867206,606.4819946289062,19807450,RELIANCE.NS
2019-04-24,609.3503203942593,620.2450612802776,607.5493130403371,617.8882446289062,16101112,RELIANCE.NS
2019-04-25,617.7104265646376,628.0715628737009,605.926282977455,610.2841796875,30469914,RELIANCE.NS
2019-04-26,611.4403267472761,620.7564551251317,609.528181305051,619.3556518554688,15069884,RELIANCE.NS
2019-04-30,620.9565274717629,620.9565274717629,607.7939043347865,619.3556518554688,22348580,RELIANCE.NS
2019-05-02,618.999994189869,628.7385911202244,614.5976302077147,624.8031616210938,18992003,RELIANCE.NS
2019-05-03,626.0925938115183,630.3393517691563,623.7357773181683,626.4927978515625,14240262,RELIANCE.NS
2019-05-06,621.6679599503427,623.8024406365003,612.8187080616018,615.8425903320312,15832114,RELIANCE.NS
2019-05-07,620.2450860719435,620.3340203125821,595.9653259537797,597.4328002929688,19417647,RELIANCE.NS
2019-05-08,595.8763417992864,595.8763417992864,574.6204663806473,577.8444213867188,31958919,RELIANCE.NS
2019-05-09,573.1085830669476,573.1085830669476,556.633069435921,558.7230834960938,42670173,RELIANCE.NS
2019-05-10,562.5250550135701,568.1725569326192,553.6313942112528,556.3662109375,24557430,RELIANCE.NS
2019-05-13,554.9209873160831,560.6573639690338,545.8493988853006,547.8727416992188,17603659,RELIANCE.NS
2019-05-14,549.8515690855692,564.4594621270546,547.6281538909506,560.5017700195312,28438234,RELIANCE.NS
2019-05-15,566.0825389036912,568.3059540878594,556.1216080069211,558.923095703125,24419559,RELIANCE.NS
2019-05-16,560.2795021817708,565.593471669986,559.4568307423665,562.6807861328125,14451308,RELIANCE.NS
2019-05-17,563.4145387341147,567.8391065367374,556.7442327926992,563.5924072265625,17276949,RELIANCE.NS
2019-05-20,584.1367489505126,594.8536213108704,579.6453918934102,589.6063232421875,26979100,RELIANCE.NS
2019-05-21,592.4078542813324,607.8828266181661,591.4517815790188,595.7874145507812,30343560,RELIANCE.NS
2019-05-22,598.3888118496633,604.6365900370148,593.6973827142746,596.05419921875,24689918,RELIANCE.NS
2019-05-23,610.1063283676044,618.9999905266511,589.2061866726511,593.1638793945312,38766006,RELIANCE.NS
2019-05-24,599.4338793034989,602.0130316473468,585.4263208404058,594.4756469726562,22269265,RELIANCE.NS
2019-05-27,594.5868290372126,594.7646975136477,581.2018106049238,582.8248901367188,16076686,RELIANCE.NS
2019-05-28,586.893787642564,593.5640337021803,584.0255693695124,588.6502685546875,42594251,RELIANCE.NS
2019-05-29,587.4273758435999,592.8970095110765,579.934458605217,583.8921508789062,15558515,RELIANCE.NS
2019-05-30,585.3151206701258,596.7657294512053,585.3151206701258,591.318359375,23494381,RELIANCE.NS
2019-05-31,594.9425676489825,596.7213117869429,587.071650070184,591.4962768554688,25724066,RELIANCE.NS
2019-06-03,593.6529389620333,607.9940296272227,587.516298638274,604.8590087890625,18556942,RELIANCE.NS
2019-06-04,603.6360980885171,611.1068116046075,599.4783333814987,601.0569458007812,15442761,RELIANCE.NS
2019-06-06,605.6148699401848,605.6148699401848,587.4717540660912,590.2510375976562,16764835,RELIANCE.NS
2019-06-07,589.6285473858957,590.2066198858296,580.5792222472563,584.7147827148438,14722419,RELIANCE.NS
2019-06-10,587.3829406264767,590.0954943640182,582.5803728426142,586.604736328125,11768468,RELIANCE.NS
2019-06-11,587.8054154783434,593.4306547533242,586.0934016212589,591.0515747070312,11492074,RELIANCE.NS
2019-06-12,593.5195613436267,595.1649041263249,589.2061320343628,592.3856201171875,10297599,RELIANCE.NS
2019-06-13,591.4294793282596,593.5194930635028,581.9354832912998,590.2066040039062,15686169,RELIANCE.NS
2019-06-14,587.827660145039,589.2062003718319,582.2691508507262,585.893310546875,14942768,RELIANCE.NS
2019-06-17,586.9827186282585,586.9827186282585,568.5283297408919,570.2181396484375,14908257,RELIANCE.NS
2019-06-18,568.7062067925273,572.7306295845631,564.3483102839548,569.6400756835938,16797371,RELIANCE.NS
2019-06-19,572.2636649065373,578.97837779512,561.4578584462031,568.0169067382812,14492763,RELIANCE.NS
2019-06-20,569.1953483758955,578.0890692931227,568.3060059684988,576.643798828125,10748848,RELIANCE.NS
2019-06-21,576.288009856738,576.3102730992397,567.2164806453644,568.9729614257812,23236832,RELIANCE.NS
2019-06-24,565.7046523184758,567.6167980724105,559.012201548363,561.3690185546875,11267228,RELIANCE.NS
2019-06-25,559.8124265754376,577.199541802325,557.7446168756337,576.2434692382812,14966899,RELIANCE.NS
2019-06-26,574.0869268805968,580.1346335376018,572.0191166686196,575.4876708984375,11593027,RELIANCE.NS
2019-06-27,575.0429225698807,576.7104690943013,565.1931299068178,566.5939331054688,24905533,RELIANCE.NS
2019-06-28,567.9057420091402,570.462690213797,555.2544617015469,557.2333374023438,18942165,RELIANCE.NS
2019-07-01,559.4344949342307,565.9268719949085,554.2761907260495,564.2371215820312,13478857,RELIANCE.NS
2019-07-02,566.5050975449429,569.6401188033373,561.7692004725765,568.5283813476562,10146746,RELIANCE.NS
2019-07-03,570.484949272235,572.085824960274,566.9941913005933,570.3292846679688,8806492,RELIANCE.NS
2019-07-04,569.817975906356,574.0869384125054,569.1953768214119,570.97412109375,9351405,RELIANCE.NS
2019-07-05,571.4632479644022,573.8645912734532,560.3017035746956,561.7913818359375,10926753,RELIANCE.NS
2019-07-08,559.4123622916998,563.9036603298425,555.0544656189284,556.7664794921875,14009219,RELIANCE.NS
2019-07-09,555.3878538911504,570.7516873706384,553.8537087411103,569.23974609375,17535754,RELIANCE.NS
2019-07-10,569.2175042695847,573.3530644213429,564.1703386378418,568.6838989257812,12018196,RELIANCE.NS
2019-07-11,572.3080681852458,573.5532067124459,568.8839817619269,569.884521484375,8608376,RELIANCE.NS
2019-07-12,570.5294025820405,578.089050270766,568.3281911431877,569.417724609375,15692436,RELIANCE.NS
2019-07-15,571.4187536167633,573.4198333665262,564.9041721766271,567.4611206054688,10659498,RELIANCE.NS
2019-07-16,569.1730892227583,575.8211308626826,567.8834834886258,574.9761962890625,10070773,RELIANCE.NS
2019-07-17,575.5542485107924,576.7549199705015,569.1952730336634,570.0179443359375,9482233,RELIANCE.NS
2019-07-18,570.0847820634675,572.0413948379173,559.4123757340398,561.1243896484375,11942908,RELIANCE.NS
2019-07-19,563.9480184225731,566.0602359835875,552.6085483463659,555.4100952148438,16336536,RELIANCE.NS
2019-07-22,556.299508951372,571.1964093656397,545.7605049272529,569.417724609375,29092589,RELIANCE.NS
2019-07-23,571.4187839881948,575.3764765784953,560.4795751467659,566.3272094726562,20316348,RELIANCE.NS
2019-07-24,566.3048710383226,568.661687557077,557.4334142294794,559.9014282226562,15189179,RELIANCE.NS
2019-07-25,562.0804028036227,564.3260813225814,545.6270941432515,547.628173828125,21805071,RELIANCE.NS
2019-07-26,547.6281806669657,552.5196824605647,538.0674533045859,539.7572631835938,20387504,RELIANCE.NS
2019-07-29,541.1358118566359,543.4036943148075,535.888513661204,538.4899291992188,17626045,RELIANCE.NS
2019-07-30,539.8239634029369,542.5143129866509,522.9259842937183,525.1271362304688,20853117,RELIANCE.NS
2019-07-31,522.8371050851758,526.950402820518,516.9005366560214,518.6126098632812,21229950,RELIANCE.NS
2019-08-01,517.3452787798682,528.3734824842943,511.5421702865784,524.8382568359375,22628222,RELIANCE.NS
2019-08-02,525.9529875749496,536.0407802154169,519.8689802518164,529.8225708007812,23766807,RELIANCE.NS
2019-08-05,522.0610071052761,522.0610071052761,504.61425742213294,511.48114013671875,30399133,RELIANCE.NS
2019-08-06,507.6339701414579,514.2771836992629,501.9302310893103,504.74853515625,29067994,RELIANCE.NS
2019-08-07,503.94330761494183,509.3339082477903,493.4752147377102,496.2935485839844,25349369,RELIANCE.NS
2019-08-08,495.8238708992756,518.034949480859,489.98592920668983,515.5074462890625,31198568,RELIANCE.NS
2019-08-09,519.7571523106718,525.8634965195398,515.4849032721378,519.8689575195312,21970009,RELIANCE.NS
2019-08-13,551.6534122080756,582.8115291963719,548.4548395699373,570.2633056640625,104827144,RELIANCE.NS
2019-08-14,583.3483694886768,583.5496427456511,572.7684437220705,576.3025512695312,31688983,RELIANCE.NS
2019-08-16,577.6222954192474,577.8906996066623,569.4804628342943,571.7172241210938,21977767,RELIANCE.NS
2019-08-19,573.0817265434819,580.1275465408661,572.6119892836517,578.2486572265625,16317602,RELIANCE.NS
2019-08-20,576.9960435256826,578.2485964535656,569.3015509257864,570.8001708984375,14969299,RELIANCE.NS
2019-08-21,570.6659748321008,572.0080555654605,566.5727211691215,568.5634155273438,10677848,RELIANCE.NS
2019-08-22,568.5634226883876,568.585759842969,554.2257765227104,557.7374877929688,14031953,RELIANCE.NS
2019-08-23,554.2704931165212,574.4013453869694,548.6785598455581,570.7554321289062,21307915,RELIANCE.NS
2019-08-26,578.874926990228,578.874926990228,563.2175958540626,566.7069702148438,19202504,RELIANCE.NS
2019-08-27,574.8486994909782,574.8486994909782,564.2017008121152,570.30810546875,28401906,RELIANCE.NS
2019-08-28,569.8160301574608,573.0593371929982,561.8978672808688,565.1411743164062,11605488,RELIANCE.NS
2019-08-29,562.0767529347145,563.7767057901501,552.6152368804542,555.5006713867188,18890222,RELIANCE.NS
2019-08-30,557.1783675314697,561.1598166306609,546.218228860954,558.5427856445312,24735240,RELIANCE.NS
2019-09-03,555.724365883025,556.0599009833398,536.8236700987924,539.686767578125,18730619,RELIANCE.NS
2019-09-04,537.0697915833224,539.1723510117648,530.5831771530227,537.3381958007812,32949395,RELIANCE.NS
2019-09-05,539.8656977046184,542.7287354271208,533.8264243161294,536.1973876953125,22995486,RELIANCE.NS
2019-09-06,538.1657845260604,549.796991849655,534.6988072637425,546.88916015625,23186819,RELIANCE.NS
2019-09-09,546.0615364682053,551.5863388996204,542.7064242418458,546.7549438476562,11747929,RELIANCE.NS
2019-09-11,546.8891780630742,554.7178732593286,546.8891780630742,552.2127075195312,12127900,RELIANCE.NS
2019-09-12,552.4810637858907,554.9190983976177,539.3736340317583,541.4537963867188,11880005,RELIANCE.NS
2019-09-13,542.1919928188903,549.5732880390341,539.9104972253901,548.2760009765625,12947715,RELIANCE.NS
2019-09-16,531.9028903197632,545.3681943191327,530.6055434723909,541.6328125,20547730,RELIANCE.NS
2019-09-17,541.7446544223395,541.7446544223395,533.915959082345,535.6829833984375,15640772,RELIANCE.NS
2019-09-18,539.0381831060973,544.1156458544061,535.571205489745,539.3737182617188,14933909,RELIANCE.NS
2019-09-19,540.3354831037566,541.1630927089793,524.5886828970018,527.4517211914062,13766222,RELIANCE.NS
2019-09-20,531.4330945245753,568.0936803911683,525.3267496017127,561.1373291015625,48165560,RELIANCE.NS
2019-09-23,569.994978423035,573.0593493887246,552.4810961684015,554.3599853515625,21610844,RELIANCE.NS
2019-09-24,556.3283315585267,581.0221752076171,555.9480624084689,572.0303955078125,34958974,RELIANCE.NS
2019-09-25,574.4014000766002,579.32232332458,567.6240441545225,572.4107055664062,18192270,RELIANCE.NS
2019-09-26,577.9802090632921,581.0221831301985,574.1776966858998,580.1275024414062,18350457,RELIANCE.NS
2019-09-27,578.2039128132178,588.26936977172,574.4014002150042,585.6076049804688,19058663,RELIANCE.NS
2019-09-30,586.0324939218673,597.5518347003888,584.0417400743631,595.986083984375,25263770,RELIANCE.NS
2019-10-01,598.1110797172258,600.3478410067997,578.561710792839,583.7510375976562,17920384,RELIANCE.NS
2019-10-03,575.296115069358,588.1351414776207,573.1935556971858,586.5023193359375,13524851,RELIANCE.NS
2019-10-04,590.4613512863376,594.3533316552545,583.2813298639416,585.1825561523438,14992253,RELIANCE.NS
2019-10-07,585.1825910935223,590.8639928687065,582.3195530503269,586.0773315429688,10061584,RELIANCE.NS
2019-10-09,585.4510197519348,594.9572706386634,578.2038674207517,592.6309814453125,17588647,RELIANCE.NS
2019-10-10,592.7428273528446,612.4263389969542,590.9534063442875,609.6304321289062,35006390,RELIANCE.NS
2019-10-11,610.0554412968428,610.9054477231147,597.9098217886772,605.08984375,16597126,RELIANCE.NS
2019-10-14,610.6145980694955,610.6145980694955,604.3069201919269,607.5054931640625,13394275,RELIANCE.NS
2019-10-15,609.518572468822,612.8737443545717,605.8502623557373,610.2567138671875,9672791,RELIANCE.NS
2019-10-16,612.8290960517813,617.1907544159047,610.055466200217,613.9251098632812,19403660,RELIANCE.NS
2019-10-17,615.1105205456134,625.8469872240627,613.768439813928,624.7285766601562,16038940,RELIANCE.NS
2019-10-18,628.0838393236604,638.7755735124656,625.7128754778188,633.608642578125,28121951,RELIANCE.NS
2019-10-22,637.4781217793438,642.7792539618401,627.7929349463449,632.6243896484375,27786502,RELIANCE.NS
2019-10-23,633.586201337099,637.9031250769546,618.756421570499,622.8944091796875,18446160,RELIANCE.NS
2019-10-24,626.7415596328452,644.8146435925757,620.2773435881218,642.6002197265625,22642488,RELIANCE.NS
2019-10-25,644.6805588324969,644.8370980888827,631.3270614801404,640.2517700195312,13539957,RELIANCE.NS
2019-10-27,644.635847926269,646.4252690742446,639.7149248380822,641.6162109375,3014841,RELIANCE.NS
2019-10-29,646.6489146143203,662.0825743744294,645.1278977377407,656.2893676757812,25768505,RELIANCE.NS
2019-10-30,662.0826600678737,664.1181484599136,653.2698153548594,661.6800537109375,16341366,RELIANCE.NS
2019-10-31,663.8720501104048,666.39961281965,653.8960611110986,655.08154296875,19463741,RELIANCE.NS
2019-11-01,650.8987716125406,653.9407456609271,644.6358276540866,651.7487182617188,13904301,RELIANCE.NS
2019-11-04,655.7749371618147,658.0564327559093,646.470018638842,652.0842895507812,14063434,RELIANCE.NS
2019-11-05,654.522317533806,657.1392882739638,644.6357978154026,647.4541015625,12685356,RELIANCE.NS
2019-11-06,645.3962954434453,647.0738515591739,639.0438835228734,641.9069213867188,14625505,RELIANCE.NS
2019-11-07,641.9517463190575,654.4775749097812,640.6991335974781,652.50927734375,14084039,RELIANCE.NS
2019-11-08,648.2145543528529,652.9788177303934,644.7699148856392,646.6488037109375,12019353,RELIANCE.NS
2019-11-11,643.7858393788213,646.0897317907238,636.3821474784538,638.7307739257812,11357841,RELIANCE.NS
2019-11-13,639.7149054535805,660.248424410004,639.7149054535805,658.637939453125,25225749,RELIANCE.NS
2019-11-14,660.2931928467199,662.798358618493,651.2566785637106,654.3657836914062,14258133,RELIANCE.NS
2019-11-15,655.6630285485538,665.1245445704241,654.5446180836726,657.9892578125,15691605,RELIANCE.NS
2019-11-18,658.7945257246133,664.7666684900898,651.0776959332642,652.7776489257812,14076051,RELIANCE.NS
2019-11-19,656.2669899955055,677.6952498210799,655.3723092919387,675.391357421875,30176255,RELIANCE.NS
2019-11-20,695.6565075554682,703.4180720863752,690.3553748079881,692.3460693359375,43538120,RELIANCE.NS
2019-11-21,691.1605356274156,696.0813988250823,683.8015779854442,687.85009765625,14897371,RELIANCE.NS
2019-11-22,689.8632466152019,702.1207313255388,687.8501551886865,691.8316040039062,22352865,RELIANCE.NS
2019-11-25,693.9118107417911,700.0181560781981,693.8446798240759,698.5642700195312,15146156,RELIANCE.NS
2019-11-26,701.4943771827839,705.1850244813896,696.0813800314871,697.982666015625,35330983,RELIANCE.NS
2019-11-27,697.8484938217292,704.8048452673582,696.1261438952308,702.2772827148438,9642739,RELIANCE.NS
2019-11-28,703.5298454170753,708.6744386628012,699.6379246125003,706.9521484375,13747479,RELIANCE.NS
2019-11-29,707.6902457553092,707.6902457553092,692.4355212735608,693.9118041992188,18559594,RELIANCE.NS
2019-12-02,715.765043427941,722.229261317028,705.475915926694,709.7257690429688,31225364,RELIANCE.NS
2019-12-03,712.521616976094,713.0807625025484,703.5074409435476,706.3257446289062,12990426,RELIANCE.NS
2019-12-04,703.6864112318285,705.6995024548221,686.1277955034981,694.6051635742188,20987607,RELIANCE.NS
2019-12-05,704.1337239176818,706.7060203182888,690.713156108009,693.7775268554688,19942460,RELIANCE.NS
2019-12-06,694.7393478229513,701.4496318188408,689.4158188233732,695.5892944335938,13085234,RELIANCE.NS
2019-12-09,696.148489076925,705.6547395239869,691.8315057288436,703.5074462890625,12642677,RELIANCE.NS
2019-12-10,703.2614209575684,703.9548283487694,695.2537899519466,698.7431640625,10173333,RELIANCE.NS
2019-12-11,695.9025459474237,704.3575182981664,693.6657842513289,698.944580078125,12364641,RELIANCE.NS
2019-12-12,702.4562010874308,704.0666860237436,696.3721933363692,701.5391235351562,10326606,RELIANCE.NS
2019-12-13,706.8178876216022,711.2914703427954,703.4180412015133,708.115234375,12668303,RELIANCE.NS
2019-12-16,712.186169215049,713.0361159104941,699.8168796069076,700.8234252929688,11892718,RELIANCE.NS
2019-12-17,700.8904936892386,706.3705624637059,695.8801621597299,699.0787353515625,20324601,RELIANCE.NS
2019-12-18,699.212892125798,706.8178569998239,698.7655517905632,704.9613647460938,14742077,RELIANCE.NS
2019-12-19,703.9995895600298,722.4305498496976,703.1496428791409,720.2161254882812,20507816,RELIANCE.NS
2019-12-20,722.4752563243196,723.6160040571339,714.0202849737523,715.3623657226562,21271510,RELIANCE.NS
2019-12-23,697.9155173301782,705.7218149032799,696.8866346005615,702.9706420898438,25107772,RELIANCE.NS
2019-12-24,701.8522634418367,703.2614153675864,690.042120180771,691.8092041015625,18048449,RELIANCE.NS
2019-12-26,689.6619584729085,694.7170240868594,675.570318790412,677.9189453125,29761019,RELIANCE.NS
2019-12-27,683.1081535254751,691.6973267522384,680.5582539222193,689.9750366210938,17677571,RELIANCE.NS
2019-12-30,691.5854877055551,692.345966228537,683.5778572988326,690.8026123046875,17123749,RELIANCE.NS
2019-12-31,689.8184320015399,690.5789702805088,674.6308397260912,677.31494140625,22203005,RELIANCE.NS
2020-01-01,679.0819357370663,683.1528519736394,673.4900624593615,675.3241577148438,14004468,RELIANCE.NS
2020-01-02,676.3978391555818,689.3487293284268,676.3978391555818,686.8211669921875,17710316,RELIANCE.NS
2020-01-03,685.7923126356704,689.6619561224467,681.3187895160008,687.6488647460938,20984698,RELIANCE.NS
2020-01-06,679.976780464453,683.510829151107,670.1349935917717,671.7007446289062,24519177,RELIANCE.NS
2020-01-07,679.5293813804267,686.4633961016671,677.0689495898322,682.0346069335938,16683622,RELIANCE.NS
2020-01-08,677.7400241132464,686.4410035098094,675.5032624964547,676.9124145507812,16047902,RELIANCE.NS
2020-01-09,688.2975058097518,693.3973052036212,685.0094646794911,692.5026245117188,14982742,RELIANCE.NS
2020-01-10,694.2472957890357,696.9537946408119,688.7672268918529,692.3460693359375,12478359,RELIANCE.NS
2020-01-13,691.1828577141231,697.2892020163699,688.2079551828986,690.5789184570312,18282382,RELIANCE.NS
2020-01-14,688.9237506296278,693.3972733335526,680.8043146862556,684.1818237304688,15816535,RELIANCE.NS
2020-01-15,687.067237525864,688.8789956511123,679.19380913835,681.698974609375,15817859,RELIANCE.NS
2020-01-16,684.0028644434916,690.4223472080394,683.5554644082378,687.9842529296875,12847975,RELIANCE.NS
2020-01-17,694.9630411899628,709.0322829800654,694.8288390890643,707.2652587890625,29463471,RELIANCE.NS
2020-01-20,719.7912122876511,719.7912122876511,682.839822082319,685.5015869140625,32545850,RELIANCE.NS
2020-01-21,683.8239827310947,691.5408127343894,680.8714169985212,686.1949462890625,18922720,RELIANCE.NS
2020-01-22,690.7131763493682,691.9433921150559,684.9423069375898,685.9488525390625,10322817,RELIANCE.NS
2020-01-23,687.3580618125278,689.796156393504,680.2899048582964,683.0411376953125,11247739,RELIANCE.NS
2020-01-24,683.1082008428737,687.2909825261135,679.3280852091012,680.670166015625,14628445,RELIANCE.NS
2020-01-27,677.6952802850295,681.9674704241261,673.2664314282462,673.9598388671875,13387750,RELIANCE.NS
2020-01-28,674.8768456496997,675.5031818296184,654.7459935025485,658.3919067382812,24532236,RELIANCE.NS
2020-01-29,659.4208095162297,668.5244541677285,654.9472866809749,662.0155029296875,24746565,RELIANCE.NS
2020-01-30,661.6352224321117,661.9483606637074,644.1884717288344,645.8660278320312,22402689,RELIANCE.NS
2020-01-31,650.004074503463,650.115939458839,629.5153479649114,631.5060424804688,34750310,RELIANCE.NS
2020-02-03,612.8290505582687,626.2720164126083,609.7646795449248,619.8077392578125,30712290,RELIANCE.NS
2020-02-04,626.2944084877797,640.8333893471847,625.3102596223829,638.1045532226562,25383901,RELIANCE.NS
2020-02-05,641.9069587229454,649.9145900708021,639.8491930659694,647.990966796875,18472100,RELIANCE.NS
2020-02-06,650.4961469348968,656.26695662953,644.2332031533095,652.1513061523438,15538577,RELIANCE.NS
2020-02-07,649.109342186217,649.7132815022266,638.9544179355763,641.3477783203125,12209212,RELIANCE.NS
2020-02-10,638.8201869242226,646.6488813487252,630.9691553464403,642.2200927734375,15142476,RELIANCE.NS
2020-02-11,647.4988515504008,655.9090886918525,646.4475719077193,649.8922119140625,13999816,RELIANCE.NS
2020-02-12,651.4133311627777,659.7788355859949,650.8988598376147,657.7433471679688,13533565,RELIANCE.NS
2020-02-13,661.0760000110254,661.0760000110254,654.2985851368666,659.4655151367188,13565659,RELIANCE.NS
2020-02-14,660.8523610746443,671.6782959370149,650.0487633667867,665.4824829101562,21227841,RELIANCE.NS
2020-02-17,666.1087404521531,673.7808361092095,659.5326584603905,661.2996826171875,13149130,RELIANCE.NS
2020-02-18,660.248435272722,660.248435272722,651.9723999060855,656.4459228515625,11127161,RELIANCE.NS
2020-02-19,661.7916937337079,673.9149738050373,659.8904676603004,672.7294921875,14084409,RELIANCE.NS
2020-02-20,669.687583672214,674.6084467350322,663.7825121618259,664.7443237304688,16892268,RELIANCE.NS
2020-02-24,657.4972328720769,660.7405401434429,643.9871953423907,646.4028930664062,21370214,RELIANCE.NS
2020-02-25,649.2882495489266,649.2882495489266,630.7678229370605,633.6309204101562,27745062,RELIANCE.NS
2020-02-26,630.7678804610105,631.8191601622372,620.6353526146177,622.7155151367188,29362748,RELIANCE.NS
2020-02-27,620.9260652375485,623.5207586374837,612.4263599498594,620.1432495117188,25054993,RELIANCE.NS
2020-02-28,606.1186837322065,607.0581581658521,592.7428492925397,594.3756713867188,39315769,RELIANCE.NS
2020-03-02,606.2081051825395,612.4263145698782,582.0510718430629,588.7837524414062,29500495,RELIANCE.NS
2020-03-03,594.8454740172322,605.6714099989539,591.4008335900859,600.7281494140625,27398798,RELIANCE.NS
2020-03-04,604.821435403794,605.6266480626504,585.0931280116588,599.3189697265625,22105261,RELIANCE.NS
2020-03-05,604.9108873026663,607.4831839260905,584.2431656944867,586.5470581054688,30510390,RELIANCE.NS
2020-03-06,568.1384750442038,576.2579718033144,555.2099795536162,568.5858154296875,33734039,RELIANCE.NS
2020-03-09,554.7401548853941,555.1651580471522,489.85162058131226,498.4184265136719,88187018,RELIANCE.NS
2020-03-11,495.66729762910234,527.1833252860168,495.66729762910234,516.0442504882812,59578576,RELIANCE.NS
2020-03-12,485.3781326945414,492.5357574215292,469.13920029845366,475.5363464355469,55970485,RELIANCE.NS
2020-03-13,446.45836059532905,509.982477758339,421.5855519763993,494.4593505859375,73297403,RELIANCE.NS
2020-03-16,474.44030673011787,483.0071128058158,449.5898351157526,454.37652587890625,38482258,RELIANCE.NS
2020-03-17,468.4905324264047,474.19430109253625,448.7846523850041,450.93194580078125,45445979,RELIANCE.NS
2020-03-18,458.6711221665263,463.4130789981454,429.90633253193516,433.261474609375,44730415,RELIANCE.NS
2020-03-19,411.60962701845824,432.59048846857144,399.1284718415243,410.5359802246094,61404010,RELIANCE.NS
2020-03-20,420.2882223245293,462.9657149231966,416.03836966442924,455.3830871582031,63360475,RELIANCE.NS
2020-03-23,409.86489349215907,424.98544483853334,391.72473514239124,395.4825134277344,40670949,RELIANCE.NS
2020-03-24,416.03838849257653,433.9325104811008,400.73893016882965,422.0329284667969,45734887,RELIANCE.NS
2020-03-25,431.15893082862937,515.1494403179707,430.91289363718744,484.14788818359375,73130298,RELIANCE.NS
2020-03-26,490.20952746231364,499.6486775382283,466.2984990986507,476.9678649902344,45744488,RELIANCE.NS
2020-03-27,489.8516573515531,495.3540929516579,468.0208212280606,476.699462890625,41657940,RELIANCE.NS
2020-03-30,465.5155983611795,480.81505447823497,456.3001195499544,460.9749450683594,30229866,RELIANCE.NS
2020-03-31,480.4348787671312,505.41952430798887,468.8260681247117,498.2395324707031,44292810,RELIANCE.NS
2020-04-01,502.04201634176945,503.09329603601816,467.5734864710347,483.3426818847656,41597459,RELIANCE.NS
2020-04-03,507.4997897099809,507.4997897099809,472.5391228402064,482.0006408691406,41367807,RELIANCE.NS
2020-04-07,493.0278157060707,543.0865994063779,492.0883712024452,539.5525512695312,54373624,RELIANCE.NS
2020-04-08,527.8766166035285,549.7969487728319,518.929571501776,533.3119506835938,49880330,RELIANCE.NS
2020-04-09,543.0865877041133,551.4968241624882,533.692202595293,545.7483520507812,33032857,RELIANCE.NS
2020-04-13,538.5907251822866,543.5339847346166,527.8765966727111,531.9699096679688,23673784,RELIANCE.NS
2020-04-15,535.50397581859,552.9283884903713,511.32454531609477,514.388916015625,35321842,RELIANCE.NS
2020-04-16,514.3889890858135,531.2094648682425,512.2193584197375,522.5308227539062,37455706,RELIANCE.NS
2020-04-17,543.9813374764348,550.2442808995188,533.535612903734,547.5601196289062,33269335,RELIANCE.NS
2020-04-20,548.454828761218,562.3227357287913,537.718363464547,556.417724609375,36030932,RELIANCE.NS
2020-04-21,541.2971428403878,560.0859719515005,520.7189526258386,553.5322875976562,61371628,RELIANCE.NS
2020-04-22,590.5061043699907,619.5393292310587,581.5590584712065,610.0106811523438,142683366,RELIANCE.NS
2020-04-23,611.6882791292506,619.9643142606366,605.4029383592604,613.2763671875,65464502,RELIANCE.NS
2020-04-24,603.9937855419026,668.7705176942633,602.6741016877038,633.8993530273438,134986308,RELIANCE.NS
2020-04-27,641.5043146604703,659.8458058753123,636.5834515375906,639.6030883789062,58482901,RELIANCE.NS
2020-04-28,648.6620459031445,651.1000807620374,622.7826591494636,638.8873901367188,78453401,RELIANCE.NS
2020-04-29,646.380615079962,650.2949332649216,635.2414804925826,638.3505859375,37494672,RELIANCE.NS
2020-04-30,650.4290406318744,668.770532341543,643.3161499559969,655.8196411132812,71345899,RELIANCE.NS
2020-05-04,644.1884921115068,655.3722993617022,634.100638844068,642.0411987304688,53456868,RELIANCE.NS
2020-05-05,650.3172243173109,661.6352335022636,647.409392668105,653.42626953125,44903763,RELIANCE.NS
2020-05-06,654.9249553114857,664.2970042488814,646.6489200756587,653.4710693359375,40489094,RELIANCE.NS
2020-05-07,650.8987159981552,677.1359713581347,646.4251935136327,674.138671875,50026966,RELIANCE.NS
2020-05-08,691.1605298647231,706.7731256998821,687.6264217526766,698.6760864257812,84262770,RELIANCE.NS
2020-05-11,706.817841580586,722.475230772329,703.3732613494101,705.3863525390625,67085063,RELIANCE.NS
2020-05-12,700.0181429966896,701.6062908611085,655.372320874391,661.7470703125,100683202,RELIANCE.NS
2020-05-13,689.5834112989287,689.5834112989287,656.6170544616783,675.7872314453125,66430125,RELIANCE.NS
2020-05-14,663.390858072304,675.9000219142658,645.8013059494067,648.4656982421875,49266771,RELIANCE.NS
2020-05-15,652.1011647623593,662.352366946693,639.0501134333077,659.0557250976562,62152260,RELIANCE.NS
2020-05-18,663.8426273750064,669.2617172227509,644.8756934578628,650.6334838867188,62796089,RELIANCE.NS
2020-05-19,657.9718729953,660.0943806330317,633.6987303989603,636.2501831054688,42315854,RELIANCE.NS
2020-05-20,636.7469251931129,653.3881649537279,629.0698124523583,647.44970703125,55320985,RELIANCE.NS
2020-05-21,648.0367682176926,659.981412669229,643.5208404585119,650.8592529296875,39167981,RELIANCE.NS
2020-05-22,655.6236168765307,658.4234659784153,644.1982807272651,646.4788208007812,37828973,RELIANCE.NS
2020-05-26,653.9751868958597,654.6751640177939,639.5919112653286,643.091796875,33216635,RELIANCE.NS
2020-05-27,646.2303793438942,656.61703698639,637.6501047337907,652.8010864257812,35667956,RELIANCE.NS
2020-05-28,657.0685886567666,668.2455271815335,654.359044090917,664.8585815429688,40126278,RELIANCE.NS
2020-05-29,662.9394357856911,664.7458190579986,656.007510901674,661.313720703125,40022527,RELIANCE.NS
2020-06-01,668.358459270055,694.7089545568629,666.5295002853659,686.5802612304688,39943702,RELIANCE.NS
2020-06-02,689.1317954741431,695.4541060723005,686.7834677262479,693.51220703125,22153960,RELIANCE.NS
2020-06-03,697.7121144364211,704.4860062831307,692.4509975159605,696.1992797851562,25381289,RELIANCE.NS
2020-06-04,697.2604674305974,717.8080227909754,695.9057249087699,713.4275512695312,34202350,RELIANCE.NS
2020-06-05,720.2916470274907,730.6783035409757,710.6726957536978,714.2854614257812,33076685,RELIANCE.NS
2020-06-08,730.859089589277,730.859089589277,706.7439793566319,708.776123046875,31414953,RELIANCE.NS
2020-06-09,704.6213771422154,714.872577617686,692.2928811427563,694.1669921875,25857161,RELIANCE.NS
2020-06-10,696.8539416390396,713.3145716353773,695.4766232532745,709.9727783203125,22132647,RELIANCE.NS
2020-06-11,707.1954823716251,708.0760679196416,691.3897362648564,694.4154052734375,20385805,RELIANCE.NS
2020-06-12,677.3903002260765,719.3885083960947,676.0354981246212,717.4918212890625,38548899,RELIANCE.NS
2020-06-15,706.7439083037186,734.7201185977291,704.9826774658966,729.120361328125,53107403,RELIANCE.NS
2020-06-16,741.9682427707079,744.474543171046,715.9112353938917,730.5429077148438,51187003,RELIANCE.NS
2020-06-17,726.2754127989954,738.5587590012301,723.4981396521298,729.4817504882812,41782053,RELIANCE.NS
2020-06-18,725.7107978465832,751.9031997400788,725.0785489207035,747.793701171875,40471557,RELIANCE.NS
2020-06-19,754.1612552518901,807.8105634275437,750.5485488531187,794.5337524414062,105804173,RELIANCE.NS
2020-06-22,800.8560924984864,814.7651529947294,783.5148741969872,788.5501708984375,60198705,RELIANCE.NS
2020-06-23,790.2886927800162,796.4981230069162,774.9796793150689,777.1473388671875,37962078,RELIANCE.NS
2020-06-24,783.9211693289436,800.5398315469669,772.9926279248398,780.2858276367188,51586221,RELIANCE.NS
2020-06-25,779.9020403666149,789.8371168459703,773.6023058840819,775.7925415039062,39679374,RELIANCE.NS
2020-06-26,780.7150021666101,791.191964274281,775.3861571652835,786.5179443359375,30921913,RELIANCE.NS
2020-06-29,780.3762638421109,785.6598967514907,774.7313543352946,778.1634521484375,25621946,RELIANCE.NS
2020-06-30,784.4179164819782,786.2242394722047,765.6993241219773,769.5604858398438,30276420,RELIANCE.NS
2020-07-01,776.7408788298266,789.8370801059237,771.3443062214384,784.6889038085938,28464103,RELIANCE.NS
2020-07-02,790.3307243392775,801.4851428535685,786.7259244633,798.19775390625,28789533,RELIANCE.NS
2020-07-03,807.0169546549783,813.0023064997346,801.6664846343106,810.6897583007812,29434266,RELIANCE.NS
2020-07-06,818.4434059167284,842.4752438841282,812.5941218966552,839.6640014648438,47016185,RELIANCE.NS
2020-07-07,843.3821557977242,845.3545651080822,819.0329064848479,826.8092041015625,35189589,RELIANCE.NS
2020-07-08,827.0812567649883,832.0236438535034,811.6419416064408,815.2694091796875,26204095,RELIANCE.NS
2020-07-09,820.257139626406,832.0463193953086,809.9415548565688,827.1719360351562,36418942,RELIANCE.NS
2020-07-10,829.0991372532924,854.5366284923592,827.1720037016764,851.566650390625,43759967,RELIANCE.NS
2020-07-13,863.0383306607164,883.1480175589572,861.5193398778321,877.3894653320312,69608392,RELIANCE.NS
2020-07-14,876.9360759259316,880.4274760561808,855.7608159923657,869.2277221679688,67331128,RELIANCE.NS
2020-07-15,878.7269992664014,897.2496904821614,815.2693491404729,836.1271362304688,139669773,RELIANCE.NS
2020-07-16,837.4875551151266,847.463061457531,821.8214999600007,835.855224609375,60961724,RELIANCE.NS
2020-07-17,836.5806561826539,870.5879989548259,833.4066071401047,866.8245239257812,49726765,RELIANCE.NS
2020-07-20,869.5905517413865,876.0292624519958,861.3607749614856,870.542724609375,36592938,RELIANCE.NS
2020-07-21,879.2032442811862,896.4336259674744,878.0696681167741,893.96240234375,42173371,RELIANCE.NS
2020-07-22,899.154121537288,911.396779069445,889.0426086044159,908.6762084960938,59771457,RELIANCE.NS
2020-07-23,908.6535486923683,943.0009721388485,902.9403320698102,933.0708618164062,58333751,RELIANCE.NS
2020-07-24,933.161502678431,980.771759562493,933.0708309814001,973.1314697265625,120597372,RELIANCE.NS
2020-07-27,987.9361194684092,997.0047292904097,964.8564523008031,977.6885375976562,80304827,RELIANCE.NS
2020-07-28,977.688488793748,994.8281988813131,975.1719293046234,987.437255859375,55114422,RELIANCE.NS
2020-07-29,987.5279599955765,989.7497164572247,938.806733983119,950.6866455078125,72663399,RELIANCE.NS
2020-07-30,951.7522658851112,970.2068959629854,939.5096069794463,956.2185668945312,72857444,RELIANCE.NS
2020-07-31,958.7803899595893,965.3551074174673,930.8036739652497,937.2877197265625,74958061,RELIANCE.NS
2020-08-03,930.1234808378756,932.7080438678015,908.2680646839153,910.943359375,46715383,RELIANCE.NS
2020-08-04,916.2032692730761,982.5855710982528,906.9759241686489,975.1492919921875,92041055,RELIANCE.NS
2020-08-05,983.492374105097,995.7349719814191,960.5033812650585,964.1988525390625,74549993,RELIANCE.NS
2020-08-06,978.0512526670176,982.9029683593162,955.7424156591269,967.6676635742188,49322975,RELIANCE.NS
2020-08-07,965.7178380803712,978.4139143017511,961.3649370691895,973.2674560546875,32984416,RELIANCE.NS
2020-08-10,979.0034370833714,981.6786719644749,955.8784359553779,961.2062377929688,26958997,RELIANCE.NS
2020-08-11,967.985095738823,979.4115895703418,952.3643759054555,967.5316772460938,46828306,RELIANCE.NS
2020-08-12,961.727691023823,972.6100942320181,955.2889807683499,964.7203369140625,30264617,RELIANCE.NS
2020-08-13,964.901699164418,969.8440862641454,956.7399270901238,962.2037963867188,24830322,RELIANCE.NS
2020-08-14,962.4304992398274,978.0512181796919,947.331262509623,958.4630126953125,33224635,RELIANCE.NS
2020-08-17,954.4728113825545,954.4728113825545,938.6480809006554,948.2835083007812,30979066,RELIANCE.NS
2020-08-18,945.4042450993711,967.7584184957974,944.2026651023108,960.6168823242188,30547672,RELIANCE.NS
2020-08-19,970.7963711289713,976.6909912734272,961.8864371354927,966.5114135742188,34087543,RELIANCE.NS
2020-08-20,961.2742374165047,963.0426353692126,946.7644269706007,950.8679809570312,22537845,RELIANCE.NS
2020-08-21,960.3673156153679,962.1810492568018,941.7766207507334,943.9757690429688,25280895,RELIANCE.NS
2020-08-24,948.3061551600297,954.2460509640609,938.8294034471639,950.278564453125,32717218,RELIANCE.NS
2020-08-25,954.9262408658594,957.3294607463159,942.2301636663344,944.0892333984375,19388008,RELIANCE.NS
2020-08-26,945.404164454041,973.9476387792452,928.1737834196999,969.1185913085938,59870421,RELIANCE.NS
2020-08-27,973.9702681942395,974.8771650364313,953.6792384308745,957.011962890625,28085062,RELIANCE.NS
2020-08-28,961.2742345079785,967.1235185049004,955.0395957954092,959.528564453125,27166900,RELIANCE.NS
2020-08-31,985.7595292256586,985.7595292256586,934.2270624878475,943.4544067382812,62076132,RELIANCE.NS
2020-09-01,952.205597527122,962.362446519786,935.1565603111148,946.4243774414062,38616258,RELIANCE.NS
2020-09-02,948.5782147606872,969.4360647157956,945.4042254030269,964.992431640625,26949439,RELIANCE.NS
2020-09-03,964.9018008480825,969.7761846883416,953.5660384214475,957.6922607421875,18586429,RELIANCE.NS
2020-09-04,944.7467140146105,950.8226774812872,939.6002554209449,941.8900756835938,28475945,RELIANCE.NS
2020-09-07,944.9507158856927,954.8128218318382,926.9267781694189,944.3385620117188,21926473,RELIANCE.NS
2020-09-08,948.578195976428,961.7276915670202,943.3637335909106,955.425048828125,27397082,RELIANCE.NS
2020-09-09,945.4041235297914,982.9482014289301,943.7944011305527,980.0235595703125,55310877,RELIANCE.NS
2020-09-10,989.8857107486725,1063.2735913062183,986.3715829983507,1049.2398681640625,140304404,RELIANCE.NS
2020-09-11,1048.3331597240744,1060.0542764084548,1037.042733630043,1051.84716796875,59470807,RELIANCE.NS
2020-09-14,1054.2277957192978,1070.0978626809967,1034.7301409572988,1044.0482177734375,44063445,RELIANCE.NS
2020-09-15,1048.3104335818653,1054.5677402462597,1037.5187024549093,1051.4390869140625,27178393,RELIANCE.NS
2020-09-16,1051.9602968564543,1074.3371332294498,1047.6754600565869,1054.0234375,33952295,RELIANCE.NS
2020-09-17,1051.9605029718427,1058.17259404091,1039.1964218842008,1042.3251953125,25828669,RELIANCE.NS
2020-09-18,1049.3532551234189,1051.7110790333331,1032.2588818564082,1045.4764404296875,33074915,RELIANCE.NS
2020-09-21,1042.8918823662696,1059.2154272970997,1019.0187188937507,1022.8729858398438,33627381,RELIANCE.NS
2020-09-22,1032.4629482711289,1032.4629482711289,998.2515919553894,1002.6045532226562,34792254,RELIANCE.NS
2020-09-23,1024.7546312020859,1032.3495853551422,999.95196363165,1011.514404296875,42988708,RELIANCE.NS
2020-09-24,1001.130821092991,1009.337868735385,986.6890150583746,989.0242309570312,29826318,RELIANCE.NS
2020-09-25,992.561027630643,1003.3526989604931,982.7215890510984,998.319580078125,28374935,RELIANCE.NS
2020-09-28,1009.7913754651387,1014.7791583315967,1000.7454344947183,1004.9169921875,19666849,RELIANCE.NS
2020-09-29,1008.8846136182149,1026.5683543037608,1004.9170669476492,1017.9758911132812,25842539,RELIANCE.NS
2020-09-30,1024.7546512095244,1027.928640481229,1008.8845849148897,1013.1242065429688,24465159,RELIANCE.NS
2020-10-01,1026.4777157574597,1026.4777157574597,1003.8968628083494,1008.9979858398438,20783227,RELIANCE.NS
2020-10-05,1017.4997065200467,1019.8348626021702,1000.2693849664739,1003.0806274414062,18922799,RELIANCE.NS
2020-10-06,1008.9979425426255,1012.9200933518428,998.296942586189,1002.2418212890625,18412175,RELIANCE.NS
2020-10-07,1013.4189091449191,1046.9728362062017,1006.6174520301325,1023.6211547851562,53170865,RELIANCE.NS
2020-10-08,1024.301278914029,1028.3822254886384,1007.569709792054,1015.3460083007812,21077808,RELIANCE.NS
2020-10-09,1013.4188900706193,1021.5806624419674,1005.3024535496829,1012.716064453125,18545499,RELIANCE.NS
2020-10-12,1013.4188838080661,1022.8275119437076,1009.4513972409951,1014.348388671875,14226473,RELIANCE.NS
2020-10-13,1011.4236482729492,1036.430445017385,1009.2698357927377,1034.140625,23112012,RELIANCE.NS
2020-10-14,1033.3245163972065,1044.7056133384592,1028.608748631058,1037.2239990234375,26742011,RELIANCE.NS
2020-10-15,1038.3575863716283,1038.3575863716283,995.2816312959982,1000.49609375,20036197,RELIANCE.NS
2020-10-16,1004.3502142447803,1012.2851869024872,985.1473645281419,986.57568359375,21583600,RELIANCE.NS
2020-10-19,993.0370533155368,1010.5621766967382,977.2123240387696,986.7570190429688,31200385,RELIANCE.NS
2020-10-20,988.0267509433463,994.3747895538761,975.8974318290545,977.552490234375,18482288,RELIANCE.NS
2020-10-21,983.0389831777511,993.9213260213652,951.1853919731954,963.3600463867188,34082321,RELIANCE.NS
2020-10-22,964.6295521399456,966.942040062599,948.1246658276176,955.3568725585938,30802210,RELIANCE.NS
2020-10-23,954.9262077062731,968.0757029274415,950.5733065108839,958.1229248046875,23422125,RELIANCE.NS
2020-10-26,953.0897537107387,953.0897537107387,915.2509326492706,920.0573120117188,37324416,RELIANCE.NS
2020-10-27,922.6873248555474,934.0004191107241,909.129746090359,922.5059814453125,36478896,RELIANCE.NS
2020-10-28,925.8158484232022,933.0254473288481,910.2178586428503,912.0542602539062,29924017,RELIANCE.NS
2020-10-29,905.5022363151312,925.9066672658702,902.7816655110513,919.059814453125,30655304,RELIANCE.NS
2020-10-30,922.0524364064571,936.3809035347286,916.7473024873174,931.5745239257812,34021563,RELIANCE.NS
2020-11-02,919.1051761545775,919.1051761545775,842.9967754989971,851.2945556640625,99366895,RELIANCE.NS
2020-11-03,856.9851117444604,865.6003029117848,832.0917710410919,839.0292358398438,88691623,RELIANCE.NS
2020-11-04,832.9532636853438,874.6689636295238,832.9532636853438,867.5046997070312,80180117,RELIANCE.NS
2020-11-05,886.4355229909437,889.15609401037,876.0292653807634,886.4581909179688,37205373,RELIANCE.NS
2020-11-06,902.3282137896616,924.9997362683603,896.955016187128,920.0800170898438,66674086,RELIANCE.NS
2020-11-09,935.0206280565577,938.1492815350944,923.1860519106892,929.8515014648438,35838510,RELIANCE.NS
2020-11-10,941.7767378395364,947.6713579150476,925.5439246746041,945.2001342773438,36934242,RELIANCE.NS
2020-11-11,947.217858238175,949.9384288213167,896.9323084725518,905.5928344726562,56724780,RELIANCE.NS
2020-11-12,898.2472405870444,910.693908818151,890.9923061234117,897.7937622070312,40046527,RELIANCE.NS
2020-11-13,898.7007816340105,923.4807818666762,898.5874420075651,905.2301635742188,45388670,RELIANCE.NS
2020-11-14,913.6187335697492,913.8000769836483,904.7541349819926,907.9054565429688,5226220,RELIANCE.NS
2020-11-17,945.4042408434395,945.4042408434395,900.0610723827276,903.8018798828125,46542562,RELIANCE.NS
2020-11-18,903.8018936710494,909.80991365708,888.7706596628595,901.0586547851562,30402290,RELIANCE.NS
2020-11-19,901.0586339089177,911.6008986042735,892.4434427638029,894.6879272460938,27796343,RELIANCE.NS
2020-11-20,895.5267495451352,899.5169641211087,859.2522514859126,861.292724609375,57471248,RELIANCE.NS
2020-11-23,884.644369365096,893.2595600473776,873.4219475565428,884.5083618164062,45327567,RELIANCE.NS
2020-11-24,890.5390386169317,895.0733434410346,876.0292271989675,890.5617065429688,30936268,RELIANCE.NS
2020-11-25,897.7938413094128,903.6657931642695,880.654192057057,883.193359375,32637879,RELIANCE.NS
2020-11-26,885.5738832910803,890.9923565552566,875.1449593853476,885.3698120117188,25838637,RELIANCE.NS
2020-11-27,879.8832703592948,886.9568018403075,871.2227443709401,875.0315551757812,47336811,RELIANCE.NS
2020-12-01,879.8152745444881,891.5591779283297,875.1449626736697,886.4127197265625,19750687,RELIANCE.NS
2020-12-02,888.0450890461269,889.6321436054803,877.3894853981996,887.8864135742188,22188887,RELIANCE.NS
2020-12-03,894.1665064634373,898.2927286508155,888.1131507545629,890.5617065429688,27785372,RELIANCE.NS
2020-12-04,892.8061306985533,892.8061306985533,879.6566356036066,882.71728515625,18464552,RELIANCE.NS
2020-12-07,879.9287495447478,890.9924362657266,879.9287495447478,887.9091186523438,18242188,RELIANCE.NS
2020-12-08,889.2467387240156,913.3239128258733,884.1909519390108,904.028564453125,43403061,RELIANCE.NS
2020-12-09,911.3742252800819,922.1885651259229,906.5225094998519,919.08251953125,29175254,RELIANCE.NS
2020-12-10,916.6567352689389,919.7853889706613,907.3160500501625,910.03662109375,16065507,RELIANCE.NS
2020-12-11,912.7570925495094,924.0929139357568,895.1866323672836,909.492431640625,26944202,RELIANCE.NS
2020-12-14,910.467220412345,913.6639373326992,900.6731183081919,902.9176025390625,17312747,RELIANCE.NS
2020-12-15,902.1921882018914,902.1921882018914,889.2240359631435,895.2320556640625,18551265,RELIANCE.NS
2020-12-16,901.4213476389596,904.5727289498443,891.3098338764274,896.2295532226562,18561011,RELIANCE.NS
2020-12-17,899.8343755485606,909.1297243018021,896.5016507528353,900.3331298828125,20252358,RELIANCE.NS
2020-12-18,897.8392714360722,909.0843613071538,890.9924186751066,903.031005859375,18466344,RELIANCE.NS
2020-12-21,911.3967647349846,916.8379057961085,841.2282692058656,879.5205078125,44135540,RELIANCE.NS
2020-12-22,883.7376098965668,888.2265790134423,856.2823129435187,878.160400390625,28140001,RELIANCE.NS
2020-12-23,875.1223699613015,884.8484691755272,870.8827482738318,881.4024047851562,19501410,RELIANCE.NS
2020-12-24,882.8306894509022,906.3184389463692,882.3319351071959,904.2100219726562,20776988,RELIANCE.NS
2020-12-28,909.9004843884214,915.0242747672096,904.7313581616152,908.3588256835938,17221499,RELIANCE.NS
2020-12-29,910.943413813905,912.4397367118075,898.9501027379986,902.3508911132812,18611939,RELIANCE.NS
2020-12-30,904.7088039204003,910.1272779921743,895.7762015051192,904.8221435546875,22043630,RELIANCE.NS
2020-12-31,903.9152831436563,912.2583993085362,897.1591616899547,900.1971435546875,18781189,RELIANCE.NS
2021-01-01,901.421320358103,905.5022064134912,898.7007496438623,901.1946411132812,10015175,RELIANCE.NS
2021-01-04,904.6406352837254,906.3636372831431,892.352642220287,902.7135620117188,24513534,RELIANCE.NS
2021-01-05,892.80613046262,899.4262438413816,886.9115106039434,891.4912109375,24123091,RELIANCE.NS
2021-01-06,891.4004573776713,891.4457932255564,863.854552119663,867.9807739257812,46401468,RELIANCE.NS
2021-01-07,870.814757093236,881.9238397966232,863.8546244352824,866.5751953125,32325918,RELIANCE.NS
2021-01-08,869.6811201830574,878.9311324815067,867.005885344283,876.7999877929688,27540187,RELIANCE.NS
2021-01-11,879.1125050229124,879.1125050229124,858.1186482532938,860.2724609375,33307825,RELIANCE.NS
2021-01-12,862.87970997784,888.7252828199374,861.4740587259083,887.3876953125,41161546,RELIANCE.NS
2021-01-13,890.3349094942321,895.5040358477936,869.8852032617441,879.1124877929688,26619458,RELIANCE.NS
2021-01-14,881.9237826562116,891.8539526683576,879.225879879633,888.997314453125,21553242,RELIANCE.NS
2021-01-15,888.9972940596249,894.9825854452455,870.6106693815333,878.5003662109375,20593268,RELIANCE.NS
2021-01-18,883.7828981720585,905.5022489944743,872.1070575050039,899.5849609375,35100458,RELIANCE.NS
2021-01-19,904.4367219149425,920.9189432089404,904.4367219149425,914.2988891601562,32006615,RELIANCE.NS
2021-01-20,916.5659852036083,933.1615451092317,907.4973158868203,931.6652221679688,30924537,RELIANCE.NS
2021-01-21,944.0438963533106,961.2742782497206,940.8699070414725,951.93359375,39087742,RELIANCE.NS
2021-01-22,957.1933717044934,959.165840987856,922.8006124178714,929.3527221679688,30532660,RELIANCE.NS
2021-01-25,922.7099765082173,922.7099765082173,876.0292211149126,880.110107421875,54207104,RELIANCE.NS
2021-01-27,872.8552326609131,872.8552326609131,856.0782689298538,859.2522583007812,42370131,RELIANCE.NS
2021-01-28,852.5187439949068,872.084340959147,847.9164357485394,850.8864135742188,34067814,RELIANCE.NS
2021-01-29,858.9347248586931,867.4592430478045,829.7790987970316,835.1976318359375,43712383,RELIANCE.NS
2021-02-01,843.110096652801,863.7865428347654,837.9409701152957,859.3883056640625,34180952,RELIANCE.NS
2021-02-02,867.9808262438378,879.6566667876373,841.0923491274965,873.2179565429688,41470034,RELIANCE.NS
2021-02-03,874.3515418529886,885.0978176672972,861.5193971120666,875.4171142578125,30301696,RELIANCE.NS
2021-02-04,872.4017132446297,879.656648554206,863.7865225405493,872.5377807617188,25626981,RELIANCE.NS
2021-02-05,875.1450294447208,881.7651430554548,870.5880568440388,872.2883911132812,20248046,RELIANCE.NS
2021-02-08,876.5052740367894,892.8061507159327,874.691600163488,884.8484497070312,21183400,RELIANCE.NS
2021-02-09,889.6095735403137,902.1469161459931,885.233944002577,886.9796142578125,19604141,RELIANCE.NS
2021-02-10,885.8913937556059,899.9477267102546,873.8980819416108,895.2093505859375,21234156,RELIANCE.NS
2021-02-11,897.7938959649373,935.9728593397923,894.2798277886045,932.11865234375,42539278,RELIANCE.NS
2021-02-12,932.027983547643,942.2301692248576,913.8453687465834,925.7252807617188,30497029,RELIANCE.NS
2021-02-15,928.6499377082844,934.6578975884943,918.1983447144302,921.6444091796875,15791099,RELIANCE.NS
2021-02-16,924.8864053509033,942.8649480322981,922.7325927047402,933.8416748046875,21421660,RELIANCE.NS
2021-02-17,934.0683933136262,950.3692703869466,929.8061636594126,944.6107177734375,23742994,RELIANCE.NS
2021-02-18,945.4042372455169,956.0145057624479,933.6603325517267,937.5598754882812,18646877,RELIANCE.NS
2021-02-19,932.7080785090465,954.4500958860806,931.0303522839878,943.2730102539062,23403483,RELIANCE.NS
2021-02-22,943.1370313830363,947.6260001116775,904.5727145749872,910.5352783203125,23804335,RELIANCE.NS
2021-02-23,928.6272336757321,930.8490501461664,913.0291825324456,917.4954833984375,25644108,RELIANCE.NS
2021-02-24,920.4653981529497,936.4488628942796,918.7196681979915,934.5217895507812,10807663,RELIANCE.NS
2021-02-25,941.3232777095965,975.7840397521635,939.9629623775807,972.3153076171875,34855693,RELIANCE.NS
2021-02-26,959.9140321981981,967.57699044691,938.9201148180857,945.7669677734375,37481215,RELIANCE.NS
2021-03-01,956.8306484903325,957.6468737146039,935.2019693603648,952.9765014648438,17680764,RELIANCE.NS
2021-03-02,962.1811437745009,965.8085514456496,947.2632505723379,954.9262084960938,17150760,RELIANCE.NS
2021-03-03,961.750393670414,1006.572077071357,955.4703590572257,998.5009765625,31924461,RELIANCE.NS
2021-03-04,988.4801874020635,992.9918242849485,978.3686732860034,986.5984497070312,21435754,RELIANCE.NS
2021-03-05,977.5977682721734,1002.9672532884404,976.260120871694,987.890625,25511666,RELIANCE.NS
2021-03-08,983.2657844385993,1012.0133338386485,983.039105165261,993.5133666992188,19506841,RELIANCE.NS
2021-03-09,997.5487577867862,1003.8061245628406,973.3355758572837,993.4905395507812,15154484,RELIANCE.NS
2021-03-10,1000.7227465962088,1004.3955499162571,984.0591241137868,989.3642578125,11519358,RELIANCE.NS
2021-03-12,995.2816784252693,1000.4508052727284,963.0427293609322,969.2547607421875,16864952,RELIANCE.NS
2021-03-15,970.3655452396614,974.378367439583,943.3636702802955,956.2411499023438,16698099,RELIANCE.NS
2021-03-16,958.553685547253,963.9948870594851,950.165234013291,952.4777221679688,13873801,RELIANCE.NS
2021-03-17,951.3214250817775,953.5659093364974,922.7778916021027,931.9598999023438,19210236,RELIANCE.NS
2021-03-18,939.9177225056251,945.3135885679565,907.3160267693697,910.9888305664062,20647480,RELIANCE.NS
2021-03-19,902.7816639429236,950.3239190123003,899.0635245309819,944.0438842773438,41787429,RELIANCE.NS
2021-03-22,939.0560976937982,940.416353017528,921.9163888767762,935.1565551757812,18572478,RELIANCE.NS
2021-03-23,934.9525516306611,956.6038970524451,932.2546489163942,946.5377197265625,17421165,RELIANCE.NS
2021-03-24,943.0236364808284,943.0236364808284,925.1811610696235,928.309814453125,16822814,RELIANCE.NS
2021-03-25,931.3478510950881,931.3478510950881,900.0610755416413,902.9857177734375,22001648,RELIANCE.NS
2021-03-26,912.3036747318539,913.0745041101142,894.937285828174,904.4366455078125,20180202,RELIANCE.NS
2021-03-30,910.4899757979094,929.035337372419,903.0310289019577,920.1480712890625,20441701,RELIANCE.NS
2021-03-31,915.0243084377211,929.4887232737643,906.40905776399,908.2681274414062,16250796,RELIANCE.NS
2021-04-01,915.0242884490825,920.465429845356,908.2907755247039,916.7699584960938,11723312,RELIANCE.NS
2021-04-05,918.1756892265367,918.1983571528486,889.6775482799965,903.5072021484375,14875099,RELIANCE.NS
2021-04-06,908.6762538058488,909.1070043382359,892.8061280725167,899.74365234375,14009194,RELIANCE.NS
2021-04-07,906.862472591503,928.128402781999,903.8244911311536,908.1547241210938,24266353,RELIANCE.NS
2021-04-08,911.850225266319,916.8379481306634,903.6884533297169,909.288330078125,15369188,RELIANCE.NS
2021-04-09,906.1597285641935,909.7418004729616,897.7938848658578,898.7234497070312,14037885,RELIANCE.NS
2021-04-12,888.271878488836,889.3601188333347,861.632807894605,866.5751953125,20901482,RELIANCE.NS
2021-04-13,872.4016807388492,879.9286908340912,869.6131063111714,875.9384765625,19411189,RELIANCE.NS
2021-04-15,873.4445516203328,889.1786089267097,867.4139245804644,881.6063232421875,19723716,RELIANCE.NS
2021-04-16,878.1149969863354,884.1456245317884,873.5126286216039,876.0745239257812,15656948,RELIANCE.NS
2021-04-19,863.3331266419872,868.9556716698464,856.985088064207,862.2902221679688,18478808,RELIANCE.NS
2021-04-20,866.2803940149797,870.1345408290238,857.1891171314771,862.0408325195312,17203668,RELIANCE.NS
2021-04-22,858.0053442180699,868.0715224771913,850.9544798546892,864.42138671875,14490954,RELIANCE.NS
2021-04-23,864.240104905144,870.0893297378433,859.4110567489932,863.491943359375,11828857,RELIANCE.NS
2021-04-26,870.5880540621903,889.6321696188024,866.7338471259807,878.6817626953125,20846778,RELIANCE.NS
2021-04-27,879.6566357896455,905.592879224886,878.8631384956852,901.716064453125,19992524,RELIANCE.NS
2021-04-28,905.8876517747103,910.4899602170952,897.861946907099,905.6382446289062,17122437,RELIANCE.NS
2021-04-29,917.2460958998795,927.0402589004967,910.1726236848527,917.767578125,17412606,RELIANCE.NS
2021-04-30,910.7166908105166,923.1860285256435,901.2173310194296,904.36865234375,19828769,RELIANCE.NS
2021-05-03,891.4458771331132,897.340497401844,881.0623478526642,888.2945556640625,23640186,RELIANCE.NS
2021-05-04,884.190958253908,892.2620588404909,866.5071582786076,869.0463256835938,21849830,RELIANCE.NS
2021-05-05,872.1070167804479,878.9764773257763,865.1694924935965,870.6333618164062,12393609,RELIANCE.NS
2021-05-06,871.4268548191382,877.3894784194164,864.5119984908221,875.5757446289062,14624666,RELIANCE.NS
2021-05-07,878.6364032493998,886.7528395578353,873.3086014127246,875.9158325195312,12288548,RELIANCE.NS
2021-05-10,879.2032403073009,882.7399763357812,871.0188000480982,873.3992919921875,13941237,RELIANCE.NS
2021-05-11,868.320883202796,878.9991548596583,866.0536709526697,876.5506591796875,13478264,RELIANCE.NS
2021-05-12,875.1676804843173,876.4372641804301,864.6934200952072,867.4819946289062,13177961,RELIANCE.NS
2021-05-14,874.2381482108096,880.563518938135,864.2400338075389,878.4324340820312,13291616,RELIANCE.NS
2021-05-17,878.4323799585411,890.2895633789483,875.3036666921718,888.8839721679688,11873078,RELIANCE.NS
2021-05-18,898.2473602910601,908.0414631541172,894.3931533556103,901.398681640625,12064918,RELIANCE.NS
2021-05-19,897.7938200130252,914.32143492012,894.1664125157001,905.5248413085938,16317002,RELIANCE.NS
2021-05-20,905.9103124284246,911.8049324349585,898.2473543943751,900.242431640625,11422532,RELIANCE.NS
2021-05-21,903.2350870037179,911.2154560407943,900.5145161905418,908.018798828125,10785605,RELIANCE.NS
2021-05-24,910.4898938764023,911.3061190300916,898.700714595752,900.355712890625,8551760,RELIANCE.NS
2021-05-25,905.2301329831129,905.5022080454436,888.7252453359569,890.153564453125,14780102,RELIANCE.NS
2021-05-26,895.5267109206686,897.5671839561246,891.1284738713696,893.2822265625,7480204,RELIANCE.NS
2021-05-27,893.3956745411289,903.6885320706949,889.7455387788042,896.0255737304688,26819294,RELIANCE.NS
2021-05-28,902.3282518740783,954.472815743996,902.3282518740783,949.8478393554688,56469931,RELIANCE.NS
2021-05-31,953.1124880356037,993.7852821100847,945.4268620793822,979.5475463867188,59124142,RELIANCE.NS
2021-06-01,982.1321639562733,998.4557094965295,973.2902334606247,983.4471435546875,28013832,RELIANCE.NS
2021-06-02,978.0512481274061,1001.856407995626,978.0512481274061,998.1156005859375,24630162,RELIANCE.NS
2021-06-03,1007.0707759680465,1020.220331233519,995.7804103170117,1001.9243774414062,23974257,RELIANCE.NS
2021-06-04,1004.2595618006808,1005.007723278059,990.4072405064371,993.2412109375,14468646,RELIANCE.NS
2021-06-07,998.4555524525042,1016.5927691173224,990.7471993891268,1009.97265625,16336573,RELIANCE.NS
2021-06-08,1009.6100245190582,1009.8593716828784,996.7098768905071,1004.1688232421875,9674735,RELIANCE.NS
2021-06-09,1006.1639653966724,1007.0708023507111,978.4819907883092,986.2130126953125,11409161,RELIANCE.NS
2021-06-10,994.5561020859403,1011.1517216348074,987.3692305170946,989.8404541015625,14155653,RELIANCE.NS
2021-06-11,993.24581569042,1013.766875641892,991.9717457006176,1007.0098876953125,13762778,RELIANCE.NS
2021-06-14,1007.8516997013584,1027.5309418058741,998.7741616955363,1021.45654296875,20332436,RELIANCE.NS
2021-06-15,1028.7820874114148,1035.1067016223355,1019.363286583014,1023.7769165039062,15174215,RELIANCE.NS
2021-06-16,1021.456501659872,1022.434740881434,1003.6882448935254,1006.3045654296875,10797349,RELIANCE.NS
2021-06-17,1001.0264608448158,1016.9519142263862,991.8807422543711,1008.1473999023438,15745975,RELIANCE.NS
2021-06-18,1012.6292078814683,1016.9518504435479,993.9054594499104,1012.6974487304688,29369026,RELIANCE.NS
2021-06-21,1002.6190479059233,1022.6394940703871,1001.0947614747922,1017.9756469726562,12186448,RELIANCE.NS
2021-06-22,1025.596992217332,1028.7821668704214,1009.8308290128952,1012.742919921875,12871913,RELIANCE.NS
2021-06-23,1023.777092514532,1024.0500559302593,1001.7999870984139,1003.4608154296875,16653951,RELIANCE.NS
2021-06-24,1004.1432535343797,1007.669572262773,973.7257080355693,979.8683471679688,91461975,RELIANCE.NS
2021-06-25,979.868355835384,979.868355835384,946.9254774381874,957.5499877929688,55355022,RELIANCE.NS
2021-06-28,965.5354805207484,967.5830068351754,946.8799733132387,949.155029296875,20277042,RELIANCE.NS
2021-06-29,950.7475767024226,959.6203313338768,948.2905450727716,949.9740600585938,27144063,RELIANCE.NS
2021-06-30,953.8189497184267,965.8312654969786,951.4529057551116,960.3711547851562,19762858,RELIANCE.NS
2021-07-01,963.715500911565,966.0587979305755,953.2502184775107,954.592529296875,12534407,RELIANCE.NS
2021-07-02,954.1602048328318,970.4951632609226,952.317400936898,968.7433471679688,14086620,RELIANCE.NS
2021-07-05,972.1103871470752,979.8911076185376,969.8580780772137,978.3668212890625,11702287,RELIANCE.NS
2021-07-06,975.9780960314433,977.775345876362,964.7165499262375,966.8095703125,10070124,RELIANCE.NS
2021-07-07,968.1518891821571,968.1518891821571,954.6152867923088,960.09814453125,10454892,RELIANCE.NS
2021-07-08,963.2377120648708,963.2377120648708,946.880007204719,952.1581420898438,11185460,RELIANCE.NS
2021-07-09,950.0650773140198,951.7486525291566,940.1003484340649,942.4208984375,9037675,RELIANCE.NS
2021-07-12,946.3112426024383,956.2077909534229,943.9224517127791,948.2905883789062,8585292,RELIANCE.NS
2021-07-13,955.5252756516485,956.9130803745411,950.0878516924769,955.3887939453125,6717133,RELIANCE.NS
2021-07-14,955.6844267309463,958.6420115450965,946.9937080592862,949.155029296875,8532544,RELIANCE.NS
2021-07-15,953.2502049164673,953.2502049164673,945.7425076403309,947.4943237304688,9448356,RELIANCE.NS
2021-07-16,949.951367281346,962.2367066615387,949.8831264283724,961.1674194335938,8828185,RELIANCE.NS
2021-07-19,955.525231478772,966.4455126172754,951.9989126340373,955.0474853515625,8354449,RELIANCE.NS
2021-07-20,955.2976750301373,959.1653183707836,948.2450375383125,952.7041015625,6741464,RELIANCE.NS
2021-07-22,964.1704530749702,966.4000152300578,954.683470529445,964.9439697265625,7972397,RELIANCE.NS
2021-07-23,971.2005001848123,971.2005001848123,956.4580680899211,958.118896484375,9937030,RELIANCE.NS
2021-07-26,959.1653976108203,965.0805075916205,942.3754396207585,944.9917602539062,12389668,RELIANCE.NS
2021-07-27,944.9689777697635,948.1085383406385,929.1345728588083,935.0496826171875,10824523,RELIANCE.NS
2021-07-28,936.41479430891,936.41479430891,917.4180206049048,927.018798828125,12897848,RELIANCE.NS
2021-07-29,934.5947434588048,943.8770042423774,929.7716073636433,934.2534790039062,13765738,RELIANCE.NS
2021-07-30,936.4147387774315,940.9421040230186,924.1748936428288,926.0859985351562,11350608,RELIANCE.NS
2021-08-02,934.7312372274596,946.1520117827725,928.7478263645152,943.012451171875,10925104,RELIANCE.NS
2021-08-03,950.9751482931742,951.430147484226,939.2358562430207,949.9513549804688,11817299,RELIANCE.NS
2021-08-04,952.9771655453944,961.8954143261994,949.6100753022611,957.2315673828125,13169800,RELIANCE.NS
2021-08-05,962.0318984025091,980.4598768953389,957.4590392491626,971.1094360351562,21252078,RELIANCE.NS
2021-08-06,969.1528622918455,976.8880893431025,945.8562535112904,950.5429077148438,16620987,RELIANCE.NS
2021-08-09,946.8799898333923,950.8841149123823,940.2822912594686,945.128173828125,7494143,RELIANCE.NS
2021-08-10,947.3349664779623,961.4403616289129,943.5811181110125,950.0877685546875,11919198,RELIANCE.NS
2021-08-11,954.1373988131746,964.6254274166216,947.9720127090839,963.3969116210938,9184963,RELIANCE.NS
2021-08-12,966.8550009426898,967.4465419866664,957.8002707488877,960.3028564453125,8137612,RELIANCE.NS
2021-08-13,963.3969420853272,978.2303606065249,959.5975996548036,976.2965087890625,12780901,RELIANCE.NS
2021-08-16,977.9800453155041,1002.3914332731313,968.3337742680684,988.9685668945312,21935444,RELIANCE.NS
2021-08-17,986.8527849435737,994.2921805714811,977.2975018360073,984.7597045898438,12658169,RELIANCE.NS
2021-08-18,989.1961972236583,995.0203194571639,979.4589373887336,988.5819091796875,10075860,RELIANCE.NS
2021-08-20,975.090702319037,988.2860390419917,972.3606471777291,977.4795532226562,9426282,RELIANCE.NS
2021-08-23,989.1961455676026,989.1961455676026,970.2221199980743,983.895263671875,9854395,RELIANCE.NS
2021-08-24,985.1237449789751,997.3863365967811,980.823849400721,993.6097412109375,11864472,RELIANCE.NS
2021-08-25,994.3833180171741,1010.1267354530132,991.9717199859176,1002.20947265625,13380559,RELIANCE.NS
2021-08-26,1004.666585861122,1021.4565439234876,1003.3015280719944,1014.881591796875,18589616,RELIANCE.NS
2021-08-27,1017.8619111430866,1020.4782919319844,1008.3294342208058,1013.4937744140625,10480636,RELIANCE.NS
2021-08-30,1023.7770080256,1035.5391065503322,1017.7708505413503,1032.990966796875,14027062,RELIANCE.NS
2021-08-31,1036.016904489164,1039.1337183154053,1020.2507393885751,1027.4854736328125,26485463,RELIANCE.NS
2021-09-01,1034.2423608926047,1043.2970916409213,1029.6922485674477,1031.5577392578125,11145486,RELIANCE.NS
2021-09-02,1026.052128476792,1050.0767599227504,1026.052128476792,1043.9796142578125,9956770,RELIANCE.NS
2021-09-03,1051.0776557907193,1089.753727352986,1047.6651320377116,1086.796142578125,30664428,RELIANCE.NS
2021-09-06,1097.944051619568,1128.4299004209945,1097.4889922462605,1103.67724609375,33641710,RELIANCE.NS
2021-09-07,1105.6792381399396,1118.4195769224002,1097.4890117544835,1110.638916015625,17349882,RELIANCE.NS
2021-09-08,1115.6895119598441,1116.5995103115172,1095.054658449374,1106.29345703125,14301651,RELIANCE.NS
2021-09-09,1104.7237261918483,1109.2510915570197,1099.35460328716,1103.67724609375,8963249,RELIANCE.NS
2021-09-13,1107.0443192185294,1107.0443192185294,1077.4913349676583,1079.0838623046875,16311160,RELIANCE.NS
2021-09-14,1080.6535496243034,1089.2987144742633,1076.5583765209813,1077.6732177734375,8908356,RELIANCE.NS
2021-09-15,1077.6960268089388,1090.09504087413,1077.6960268089388,1082.1551513671875,9071075,RELIANCE.NS
2021-09-16,1083.6338341939222,1108.750437452325,1077.013388880378,1104.860107421875,13448882,RELIANCE.NS
2021-09-17,1112.9593400786748,1117.441211114052,1080.9264609621353,1087.7288818359375,34882133,RELIANCE.NS
2021-09-20,1079.3340516110384,1100.3783514488218,1078.3785593037167,1089.4581298828125,11779819,RELIANCE.NS
2021-09-21,1094.3038400919852,1099.5819747220887,1084.7485569386888,1094.1673583984375,9915736,RELIANCE.NS
2021-09-22,1095.6689260415033,1111.1392587944545,1091.2325487612284,1105.90673828125,10995912,RELIANCE.NS
2021-09-23,1113.596411926489,1136.1649964932392,1112.731907489886,1132.9344482421875,15748397,RELIANCE.NS
2021-09-24,1139.1453680882425,1140.009872555042,1124.7897556991463,1129.6583251953125,15192163,RELIANCE.NS
2021-09-27,1131.6149158288965,1151.134928281977,1126.2912870102596,1148.655029296875,15373834,RELIANCE.NS
2021-09-28,1153.0004562253168,1167.0603586138618,1143.354184437372,1159.3934326171875,18035258,RELIANCE.NS
2021-09-29,1169.38083570803,1169.38083570803,1146.653022546889,1150.2021484375,9719875,RELIANCE.NS
2021-09-30,1148.9053210131074,1153.273457399079,1137.6892697076169,1146.2889404296875,13590654,RELIANCE.NS
2021-10-01,1138.4173546931033,1155.6395643825463,1135.2550471541776,1148.3138427734375,8958928,RELIANCE.NS
2021-10-04,1161.645680951927,1171.587662580675,1154.38820045178,1163.0789794921875,10918552,RELIANCE.NS
2021-10-05,1162.6012346483487,1188.4914771861918,1159.0748554855732,1187.2174072265625,13533634,RELIANCE.NS
2021-10-06,1192.1087413964174,1192.1087413964174,1160.78125500237,1164.7625732421875,10258881,RELIANCE.NS
2021-10-07,1180.7560859021983,1182.4624681330135,1168.334326130549,1170.472900390625,6336665,RELIANCE.NS
2021-10-08,1176.3197940015023,1221.4343385648037,1174.613532001241,1215.450927734375,15772493,RELIANCE.NS
2021-10-11,1229.1694349795048,1237.6326239992216,1203.6660128198464,1206.987548828125,14768666,RELIANCE.NS
2021-10-12,1203.5069288032655,1220.797380462856,1201.8005463413256,1213.881103515625,6682011,RELIANCE.NS
2021-10-13,1218.9771386553036,1237.4051767394146,1214.563508294983,1226.234619140625,9959762,RELIANCE.NS
2021-10-14,1228.6916085198675,1236.4723889341724,1222.7081981299596,1228.71435546875,8623469,RELIANCE.NS
2021-10-18,1214.2450907648501,1249.0079672854492,1211.3784935963072,1231.9906005859375,13594479,RELIANCE.NS
2021-10-19,1239.3617971163028,1251.8974138396732,1232.172677010528,1243.024658203125,8833409,RELIANCE.NS
2021-10-20,1247.9841503821117,1247.9841503821117,1224.6647967965337,1228.71435546875,12710570,RELIANCE.NS
2021-10-21,1240.999848015025,1241.2728114223185,1184.487275783306,1193.26904296875,20831669,RELIANCE.NS
2021-10-22,1192.1315066188683,1212.56163907253,1188.2639230760205,1195.4986572265625,11027475,RELIANCE.NS
2021-10-25,1219.4322268467454,1219.4322268467454,1169.3808726672285,1183.8502197265625,17198417,RELIANCE.NS
2021-10-26,1190.8118738257544,1214.381442916926,1184.464392150526,1210.8095703125,9750178,RELIANCE.NS
2021-10-27,1206.691962726344,1217.976256032517,1192.1087596672705,1195.4986572265625,9896298,RELIANCE.NS
2021-10-28,1192.1313011797695,1200.298779292571,1178.7085560280439,1182.39404296875,9886181,RELIANCE.NS
2021-10-29,1181.2793465543893,1181.2793465543893,1138.3035013133956,1154.024169921875,14233025,RELIANCE.NS
2021-11-01,1154.0242164122978,1163.0107055431893,1134.8454091416836,1154.7294921875,15481114,RELIANCE.NS
2021-11-02,1158.0057208153316,1159.3707786875088,1135.3688922235076,1137.8941650390625,10569130,RELIANCE.NS
2021-11-03,1140.2828162204378,1146.6302984409235,1119.7845647630193,1130.06787109375,11989430,RELIANCE.NS
2021-11-04,1134.3222142818038,1139.7596984467234,1132.9800238081948,1137.0068359375,1705656,RELIANCE.NS
2021-11-08,1146.357370619063,1146.630454409684,1117.691636338527,1138.41748046875,20337183,RELIANCE.NS
2021-11-09,1139.8052450774455,1150.679973201881,1131.6377653308825,1147.4039306640625,15682497,RELIANCE.NS
2021-11-10,1145.1287260147478,1163.920714976533,1139.1908094185892,1160.235107421875,10253470,RELIANCE.NS
2021-11-11,1155.7533749476675,1169.6084350981216,1153.7057882040397,1162.35107421875,10722478,RELIANCE.NS
2021-11-12,1166.1503984605802,1182.4626105860948,1163.465776749054,1179.8917236328125,8712341,RELIANCE.NS
2021-11-15,1183.031141558392,1184.0322480185664,1169.3808058406628,1172.929931640625,4803269,RELIANCE.NS
2021-11-16,1170.3136027722971,1171.6559135252794,1135.255016670807,1145.6748046875,11337581,RELIANCE.NS
2021-11-17,1137.0524279565616,1137.0524279565616,1119.7847223766223,1121.1497802734375,10202029,RELIANCE.NS
2021-11-18,1119.3295736996563,1132.5249718442826,1114.8022082606076,1125.3812255859375,8505625,RELIANCE.NS
2021-11-22,1108.4548007788628,1114.3244768150466,1069.733232783756,1075.53466796875,24124307,RELIANCE.NS
2021-11-23,1061.5658216102945,1092.597718814344,1050.6228528101806,1085.5904541015625,25326999,RELIANCE.NS
2021-11-24,1082.9287078531017,1096.5335515396243,1066.343532034508,1069.9154052734375,16820296,RELIANCE.NS
2021-11-25,1079.7435455818988,1138.4400635861748,1072.5315589664726,1134.3221435546875,42401936,RELIANCE.NS
2021-11-26,1122.8785658449294,1127.33768989774,1092.7112978197426,1097.761962890625,15763138,RELIANCE.NS
2021-11-29,1109.819891228915,1137.530130735484,1091.6193215192616,1110.911865234375,24325354,RELIANCE.NS
2021-11-30,1122.9694687396177,1126.564088119279,1086.9552748107687,1094.4857177734375,32172299,RELIANCE.NS
2021-12-01,1107.044315866843,1125.699825172228,1103.4496957163708,1122.5147705078125,10104610,RELIANCE.NS
2021-12-02,1123.7432731717324,1135.8010837797613,1120.057665060323,1129.7266845703125,12720411,RELIANCE.NS
2021-12-03,1136.8020863205188,1136.8475802217874,1092.028866217897,1095.78271484375,19222481,RELIANCE.NS
2021-12-06,1099.309066908383,1103.404119692969,1072.5315739182363,1075.0113525390625,10332254,RELIANCE.NS
2021-12-07,1081.1768723394634,1093.8488493527543,1073.8284038337267,1083.7703857421875,11235122,RELIANCE.NS
2021-12-08,1102.994641711683,1106.4981533356588,1094.8954038300121,1100.2645263671875,8744178,RELIANCE.NS
2021-12-09,1107.9542272517804,1126.1091818377997,1103.4041151302852,1117.7142333984375,13213547,RELIANCE.NS
2021-12-10,1110.343003210938,1122.0596079618992,1105.8383850496557,1118.851806640625,8364414,RELIANCE.NS
2021-12-13,1125.4723509045855,1125.7453143246432,1093.8489128488443,1096.4197998046875,12901733,RELIANCE.NS
2021-12-14,1082.9285853235253,1094.758924705155,1079.925506579218,1082.996826171875,12991523,RELIANCE.NS
2021-12-15,1084.7486582787296,1094.3039423247055,1074.3288697386265,1079.8345947265625,9366969,RELIANCE.NS
2021-12-16,1094.6222331236886,1099.0813569765323,1077.7640971670983,1093.80322265625,9761279,RELIANCE.NS
2021-12-17,1091.1415595298965,1095.6689246022736,1055.6277943848347,1064.932861328125,21049821,RELIANCE.NS
2021-12-20,1054.6495980178693,1054.6495980178693,1022.4574879615027,1036.2216796875,14325846,RELIANCE.NS
2021-12-21,1051.6919782743073,1067.4581418231853,1042.9785726603923,1051.646484375,12836561,RELIANCE.NS
2021-12-22,1057.8573860824001,1079.2430094666254,1056.5379426212896,1076.6038818359375,17658543,RELIANCE.NS
2021-12-23,1080.1984810516549,1082.9285964305648,1072.9411209146308,1076.2171630859375,9072401,RELIANCE.NS
2021-12-24,1078.3785179602155,1088.3887407376528,1063.6133400712515,1079.652587890625,7886494,RELIANCE.NS
2021-12-27,1074.5336166000147,1082.0185663686743,1068.413724480792,1078.4921875,4017223,RELIANCE.NS
2021-12-28,1080.926608302519,1094.2357415301187,1079.7663934022717,1091.3009033203125,6374613,RELIANCE.NS
2021-12-29,1087.9337410579972,1100.6740785888855,1083.884061988693,1093.1663818359375,15425312,RELIANCE.NS
2021-12-30,1092.02896140955,1094.2812707813944,1067.276305271878,1073.4189453125,29333171,RELIANCE.NS
2021-12-31,1079.7435583793856,1084.703115610681,1073.828388538488,1077.5367431640625,9477290,RELIANCE.NS
2022-01-03,1076.1033704774222,1095.6461284145312,1075.4435886178533,1093.780517578125,5421611,RELIANCE.NS
2022-01-04,1099.2636517956478,1119.7846517979926,1093.848914455948,1118.465087890625,10847728,RELIANCE.NS
2022-01-05,1120.2396140596422,1127.0647821675334,1107.021469888781,1123.6976318359375,11643813,RELIANCE.NS
2022-01-06,1115.3254092772324,1116.5994791465537,1096.1238548571225,1099.5364990234375,14447422,RELIANCE.NS
2022-01-07,1106.111498715673,1118.4422714413886,1097.2842377517782,1108.4093017578125,13112115,RELIANCE.NS
2022-01-10,1115.6895654128748,1117.9646215781718,1099.3318598320666,1109.3193359375,9246731,RELIANCE.NS
2022-01-11,1108.409307707792,1126.1319502273575,1107.9542483452858,1117.3048095703125,16205164,RELIANCE.NS
2022-01-12,1124.471284081761,1148.8827357783716,1121.604686652831,1147.130859375,14800442,RELIANCE.NS
2022-01-13,1147.19918473575,1156.1856749337926,1141.3522552982324,1153.592041015625,11856712,RELIANCE.NS
2022-01-14,1153.455515914101,1168.1523329319614,1149.2921017722908,1155.2755126953125,19930176,RELIANCE.NS
2022-01-17,1154.82047798332,1167.1057561240766,1154.3654186486065,1161.3043212890625,8036453,RELIANCE.NS
2022-01-18,1162.4418646639435,1165.8998821993202,1144.696356607209,1147.44921875,6215029,RELIANCE.NS
2022-01-19,1151.1803655784236,1156.6404758295853,1141.6250823732196,1147.3582763671875,9755485,RELIANCE.NS
2022-01-20,1137.5529609143537,1142.0575796806486,1117.0545865844654,1127.2696533203125,16494486,RELIANCE.NS
2022-01-21,1115.6895591579548,1138.5538554378697,1115.6895591579548,1127.4515380859375,13338594,RELIANCE.NS
2022-01-24,1126.1545759538076,1139.6912967231897,1071.598729229798,1081.9730224609375,21868937,RELIANCE.NS
2022-01-25,1069.0733192604368,1086.8643207820103,1048.8025393882085,1079.857177734375,24510205,RELIANCE.NS
2022-01-27,1062.9080331478985,1072.0537511885557,1051.5554999211186,1063.863525390625,20020431,RELIANCE.NS
2022-01-28,1076.103482458547,1081.0630398643073,1059.4500666597933,1062.83984375,14667727,RELIANCE.NS
2022-01-31,1073.91944662709,1094.9409997464795,1072.0993294430996,1085.9317626953125,12143683,RELIANCE.NS
2022-02-01,1095.6690383601324,1101.402112704543,1067.9587979070466,1082.337158203125,13200509,RELIANCE.NS
2022-02-02,1095.2138271372608,1095.2138271372608,1080.6989871423398,1084.5438232421875,10017691,RELIANCE.NS
2022-02-03,1088.3887863228124,1092.6886822523618,1068.0042683536662,1070.529541015625,9572839,RELIANCE.NS
2022-02-04,1065.183161923649,1068.5730594354839,1056.1284310635565,1060.76953125,11061241,RELIANCE.NS
2022-02-07,1065.6382591326399,1072.372440138568,1048.802746440698,1054.3084716796875,10714467,RELIANCE.NS
2022-02-08,1060.4737500675897,1073.8283759531457,1051.0776952115107,1072.031005859375,12060849,RELIANCE.NS
2022-02-09,1078.901658786714,1086.204633140618,1072.918368570495,1084.5211181640625,11486225,RELIANCE.NS
2022-02-10,1090.0723137940836,1090.0723137940836,1076.1490130370194,1083.406494140625,12464491,RELIANCE.NS
2022-02-11,1079.857228868873,1084.9761347999724,1066.593591416207,1081.29052734375,15943370,RELIANCE.NS
2022-02-14,1064.841998172486,1071.5306852913075,1052.4428632313213,1064.0684814453125,10719633,RELIANCE.NS
2022-02-15,1069.824295697398,1102.9037798370225,1062.7716573911962,1100.1964111328125,11212671,RELIANCE.NS
2022-02-16,1105.6791781831728,1107.0442358991004,1090.1860980638264,1097.9212646484375,10392840,RELIANCE.NS
2022-02-17,1101.1745201113265,1117.0089242641513,1096.5789142269996,1111.82177734375,12853252,RELIANCE.NS
2022-02-18,1112.2314504381943,1117.6915612787002,1101.1973736454247,1103.1312255859375,6775458,RELIANCE.NS
2022-02-21,1097.4890031023695,1109.091873871227,1085.021748188729,1091.9833984375,11107193,RELIANCE.NS
2022-02-22,1070.5977356852184,1090.1633625619224,1067.9814753307442,1087.023681640625,13494914,RELIANCE.NS
2022-02-23,1092.5294602510214,1095.0092390254035,1077.468571284383,1080.2213134765625,7310110,RELIANCE.NS
2022-02-24,1048.8026672886117,1064.6826864402094,1020.7739713257805,1026.393310546875,24846650,RELIANCE.NS
2022-02-25,1037.4728552470633,1050.1449523145036,1035.7210994030459,1039.2247314453125,14570089,RELIANCE.NS
2022-02-28,1020.5919703644313,1077.1726610969984,1020.5919703644313,1073.62353515625,21297446,RELIANCE.NS
2022-03-02,1062.2027357830907,1092.4838597770897,1059.8139450476658,1091.3690185546875,21471786,RELIANCE.NS
2022-03-03,1092.0288927878125,1098.785820478749,1078.4013026500006,1082.1551513671875,10186748,RELIANCE.NS
2022-03-04,1070.643322817288,1075.784976526752,1055.7872762059867,1058.1533203125,10805667,RELIANCE.NS
2022-03-07,1036.8358471079189,1052.0333374144284,1011.0367133096933,1019.022216796875,17983310,RELIANCE.NS
2022-03-08,1006.2590402981642,1021.9570232050447,991.92617525868,1017.1793212890625,21289374,RELIANCE.NS
2022-03-09,1017.4068401715399,1077.0133522040442,1016.5649623830144,1071.1436767578125,20414228,RELIANCE.NS
2022-03-10,1092.028820377732,1094.3038764083778,1073.8283721325647,1088.50244140625,17980493,RELIANCE.NS
2022-03-11,1081.1313132856126,1097.0340801861346,1081.1313132856126,1091.64208984375,12257423,RELIANCE.NS
2022-03-14,1086.06812572994,1103.1311056498985,1080.1984500463022,1100.605712890625,8340678,RELIANCE.NS
2022-03-15,1104.7464533796308,1104.7464533796308,1065.1148867530296,1075.398193359375,15925769,RELIANCE.NS
2022-03-16,1083.8387095081287,1095.6235563592827,1081.6091471404573,1093.55322265625,11149828,RELIANCE.NS
2022-03-17,1106.9304944761457,1136.3469946247096,1098.8994972340938,1129.203369140625,21422098,RELIANCE.NS
2022-03-21,1112.0493977484434,1130.249846191458,1109.7743416930666,1122.6966552734375,11999466,RELIANCE.NS
2022-03-22,1119.3751418583722,1153.4328665457272,1116.417676927256,1151.703857421875,22557065,RELIANCE.NS
2022-03-23,1147.9953600851836,1167.0375661035232,1147.9953600851836,1155.366455078125,15462187,RELIANCE.NS
2022-03-24,1142.0802732954487,1175.8194185614975,1142.0802732954487,1173.3167724609375,13168266,RELIANCE.NS
2022-03-25,1175.0685459381182,1190.3114093068612,1172.5659000566366,1181.1429443359375,14222488,RELIANCE.NS
2022-03-28,1187.5813149251485,1196.5678044575318,1176.8885634283017,1193.018798828125,9891424,RELIANCE.NS
2022-03-29,1200.321638726132,1200.321638726132,1186.3983390664755,1193.291748046875,8684065,RELIANCE.NS
2022-03-30,1201.1863453712592,1223.0724028520565,1190.8120505919683,1216.2244873046875,15811550,RELIANCE.NS
2022-03-31,1212.584340487485,1214.7456618708436,1196.0446595036312,1198.8428955078125,13223718,RELIANCE.NS
2022-04-01,1199.4117414992725,1212.6753807326781,1193.041632181676,1208.4437255859375,7922880,RELIANCE.NS
2022-04-04,1208.2617761125623,1217.1572786813153,1201.9826544660282,1212.015625,7929162,RELIANCE.NS
2022-04-05,1206.2823045318924,1214.8366019261355,1192.4499926471442,1194.88427734375,13149870,RELIANCE.NS
2022-04-06,1177.1617516980632,1198.72923220727,1177.1617516980632,1191.6993408203125,12257215,RELIANCE.NS
2022-04-07,1180.8016922079776,1185.7613700217532,1168.015859682402,1170.677734375,15496499,RELIANCE.NS
2022-04-08,1164.8308932448695,1194.40674604813,1164.8308932448695,1190.15234375,15152495,RELIANCE.NS
2022-04-11,1183.0312648122701,1200.572052745213,1175.296097837182,1187.6724853515625,9254209,RELIANCE.NS
2022-04-12,1177.1159431844708,1184.2141946105721,1162.7375850997262,1165.3084716796875,13217742,RELIANCE.NS
2022-04-13,1171.4284128604863,1179.664132404293,1158.2330158892628,1161.0313720703125,10354235,RELIANCE.NS
2022-04-18,1152.545489452205,1164.7397805103374,1147.4493300930017,1157.4822998046875,9974224,RELIANCE.NS
2022-04-19,1163.920736701103,1213.972089786732,1160.7584292751112,1201.595703125,26141820,RELIANCE.NS
2022-04-20,1209.0124078704498,1244.0028730390352,1205.3722941596611,1236.9273681640625,25072240,RELIANCE.NS
2022-04-21,1251.692532864583,1269.0284764486553,1243.0927417436083,1265.888916015625,21708633,RELIANCE.NS
2022-04-22,1255.3327253469529,1274.9437261640837,1248.6440386176957,1255.2872314453125,15054154,RELIANCE.NS
2022-04-25,1247.825046254362,1255.1051538112451,1211.9928211860372,1226.2574462890625,17063215,RELIANCE.NS
2022-04-26,1233.0824231040833,1271.7584924700711,1232.035943159545,1262.9539794921875,12227666,RELIANCE.NS
2022-04-27,1253.9448053007873,1286.7739479010713,1253.580733766915,1264.1826171875,19338945,RELIANCE.NS
2022-04-28,1278.5610555725848,1297.239310503393,1267.7089550364747,1283.065673828125,25614076,RELIANCE.NS
2022-04-29,1299.5825839676365,1299.5825839676365,1263.7048672221586,1269.5972900390625,18214862,RELIANCE.NS
2022-05-02,1256.7432351242765,1276.5362108883514,1254.9458650066724,1265.13818359375,9467006,RELIANCE.NS
2022-05-04,1267.2084828840266,1269.4835388914837,1217.7486714056079,1225.64306640625,19247660,RELIANCE.NS
2022-05-05,1239.225089287073,1242.182673959599,1197.5915547447282,1201.64111328125,17210669,RELIANCE.NS
2022-05-06,1188.582409796725,1209.8769247815503,1180.0963532492094,1192.42724609375,19649948,RELIANCE.NS
2022-05-09,1171.6331985147315,1181.711782557566,1140.715158224648,1145.8568115234375,18083752,RELIANCE.NS
2022-05-10,1135.2550569441219,1149.633416525882,1118.4195452683007,1125.9954833984375,19511677,RELIANCE.NS
2022-05-11,1125.0854480941018,1130.6821606199796,1102.0163098457965,1114.4609375,16643899,RELIANCE.NS
2022-05-12,1104.5416911448524,1107.8859741719987,1078.378486557952,1091.755859375,20490321,RELIANCE.NS
2022-05-13,1103.8591166926499,1127.5196744148523,1099.0131741208802,1104.132080078125,19308778,RELIANCE.NS
2022-05-16,1107.7039403213957,1128.8847193240686,1099.6047027471154,1104.4051513671875,13437911,RELIANCE.NS
2022-05-17,1107.9997065605392,1155.6850157625827,1106.5891549718588,1150.7935791015625,16551828,RELIANCE.NS
2022-05-18,1155.5712773721964,1169.3808421611643,1141.2839062872033,1154.979736328125,17276788,RELIANCE.NS
2022-05-19,1130.2499303127915,1143.2177387581737,1122.0824507846328,1128.361572265625,14699118,RELIANCE.NS
2022-05-20,1143.2176453948912,1203.2337272058603,1138.4400638194588,1194.15625,21793091,RELIANCE.NS
2022-05-23,1197.364082975496,1207.3971730449673,1179.8461630484092,1186.1708984375,15252755,RELIANCE.NS
2022-05-24,1186.2163522132455,1200.3216273375488,1181.984697463416,1190.2431640625,13527818,RELIANCE.NS
2022-05-25,1198.956737262974,1208.8304783808387,1183.713752995507,1188.491455078125,12714544,RELIANCE.NS
2022-05-26,1194.1334932703796,1198.9111951609145,1159.3706180239299,1177.16162109375,17882023,RELIANCE.NS
2022-05-27,1179.8688949887019,1185.3744993862058,1155.7760235250337,1171.701416015625,16521973,RELIANCE.NS
2022-05-30,1189.8562993151577,1216.7020315446362,1180.392124401247,1212.5159912109375,13853398,RELIANCE.NS
2022-05-31,1201.8686470065388,1218.886133257268,1190.1749097343077,1197.8873291015625,70620653,RELIANCE.NS
2022-06-01,1198.638243225424,1208.1480337988985,1190.402522676765,1198.2742919921875,9776989,RELIANCE.NS
2022-06-02,1198.5016232049925,1243.2975879303071,1198.5016232049925,1239.5892333984375,22126569,RELIANCE.NS
2022-06-03,1248.5530698496407,1281.9281427980586,1247.642951094485,1264.7059326171875,23939791,RELIANCE.NS
2022-06-06,1264.933385678996,1280.4037178841604,1252.101940232276,1259.2684326171875,11093152,RELIANCE.NS
2022-06-07,1260.3378265980741,1269.9840987331656,1252.2159612910536,1261.6346435546875,12358255,RELIANCE.NS
2022-06-08,1261.6344822845072,1265.388330609935,1235.9490850298985,1239.4754638671875,12479250,RELIANCE.NS
2022-06-09,1233.0825097662923,1275.3985751416717,1233.0825097662923,1273.46484375,17278305,RELIANCE.NS
2022-06-10,1261.24792684013,1269.4381532361936,1229.215044054509,1235.0164794921875,18093057,RELIANCE.NS
2022-06-13,1205.7820548952168,1216.1562302083744,1190.4480809271731,1211.651611328125,17620803,RELIANCE.NS
2022-06-14,1205.804612494347,1215.7238471836963,1189.151077141205,1195.8170166015625,14714312,RELIANCE.NS
2022-06-15,1191.0166743810375,1200.0031636736535,1175.9330397958033,1181.34765625,11195535,RELIANCE.NS
2022-06-16,1193.4965424947006,1209.8997420887063,1162.1006949883244,1164.830810546875,17111475,RELIANCE.NS
2022-06-17,1164.8308634674381,1194.3383543037446,1163.0563604863046,1178.481201171875,24457187,RELIANCE.NS
2022-06-20,1185.3063342518615,1190.8120593552974,1147.1308115234453,1157.118408203125,12066797,RELIANCE.NS
2022-06-21,1164.830795221328,1180.0281654943678,1150.4069416324683,1175.796630859375,11720049,RELIANCE.NS
2022-06-22,1163.966274425617,1164.057262227865,1137.985044485591,1140.078125,10617206,RELIANCE.NS
2022-06-23,1144.3779613702993,1148.905326422505,1112.5043100555831,1121.581787109375,19446323,RELIANCE.NS
2022-06-24,1128.429884986889,1142.5351607614082,1122.9696539988313,1137.5528564453125,14240234,RELIANCE.NS
2022-06-27,1157.9829545073123,1157.9829545073123,1129.135125114688,1134.185791015625,15474529,RELIANCE.NS
2022-06-28,1129.3853215361614,1152.9776391694047,1129.3853215361614,1150.1337890625,13572847,RELIANCE.NS
2022-06-29,1140.8061704616555,1181.6663139665932,1137.985067118919,1173.999267578125,19205146,RELIANCE.NS
2022-06-30,1173.931124222141,1190.2660842003577,1167.5610145751587,1181.0521240234375,23112959,RELIANCE.NS
2022-07-01,1171.6105762032093,1179.3912376535845,1076.1035827419444,1095.987548828125,81997149,RELIANCE.NS
2022-07-04,1082.45079365179,1111.139270756361,1076.6038647303487,1098.262451171875,41857728,RELIANCE.NS
2022-07-05,1102.4941121326237,1121.5590649917854,1099.8094906293034,1107.157958984375,17647327,RELIANCE.NS
2022-07-06,1101.1746251311279,1111.1166075291421,1086.5687955560873,1097.4207763671875,23943726,RELIANCE.NS
2022-07-07,1103.8135967687947,1107.1578795789183,1080.6534724660446,1086.6141357421875,23301033,RELIANCE.NS
2022-07-08,1100.2191487523794,1100.2191487523794,1084.0889121323955,1088.1158447265625,19010108,RELIANCE.NS
2022-07-11,1081.336087585235,1105.1331283386687,1078.3785026593284,1102.9036865234375,13847467,RELIANCE.NS
2022-07-12,1093.8487904297283,1110.0927598985188,1093.8487904297283,1101.333740234375,10778989,RELIANCE.NS
2022-07-13,1104.4507905221294,1107.4993634434227,1079.7436294761944,1081.8138427734375,14224132,RELIANCE.NS
2022-07-14,1086.5687619025882,1107.4765795757364,1081.540843303509,1090.7320556640625,16970315,RELIANCE.NS
2022-07-15,1098.8540583216684,1098.8540583216684,1084.33921677306,1092.847900390625,9603210,RELIANCE.NS
2022-07-18,1101.584037969047,1103.4040345430283,1088.525123257814,1102.15283203125,15160908,RELIANCE.NS
2022-07-19,1092.1652674583531,1113.4144080582162,1092.1652674583531,1108.9097900390625,16439888,RELIANCE.NS
2022-07-20,1155.730654624441,1156.8681226053911,1131.273708960185,1138.8951416015625,23924246,RELIANCE.NS
2022-07-21,1134.8000189659344,1137.5301345200253,1122.6512213878611,1131.29638671875,16523230,RELIANCE.NS
2022-07-22,1137.5300002449842,1144.9467089844488,1135.254944336538,1138.9405517578125,10969995,RELIANCE.NS
2022-07-25,1122.7195298133436,1122.7195298133436,1093.3940142099802,1101.3111572265625,23110452,RELIANCE.NS
2022-07-26,1101.629669898458,1112.003964591019,1097.193292295004,1101.8116455078125,11303288,RELIANCE.NS
2022-07-27,1101.1063409773997,1104.3141424256505,1092.938861823789,1100.76513671875,8655086,RELIANCE.NS
2022-07-28,1108.409232735442,1122.9468197968529,1101.5840648849116,1118.010009765625,12496073,RELIANCE.NS
2022-07-29,1126.018296934473,1145.3108414909532,1121.1497270683567,1141.8299560546875,15130683,RELIANCE.NS
2022-08-01,1146.2434528105707,1177.4573222630406,1140.9880650198957,1171.587646484375,15700044,RELIANCE.NS
2022-08-02,1170.5184018297261,1186.580275301345,1165.535977507085,1176.0467529296875,13917913,RELIANCE.NS
2022-08-03,1183.0310664122253,1187.581178029112,1168.220516886996,1185.92041015625,14250977,RELIANCE.NS
2022-08-04,1187.5814291745087,1191.1078085473182,1153.4555848310504,1170.2454833984375,14467127,RELIANCE.NS
2022-08-05,1172.1110567812314,1173.3850064214535,1149.792686697798,1153.00048828125,13942438,RELIANCE.NS
2022-08-08,1151.6354129424305,1175.546309977684,1151.6354129424305,1168.0841064453125,10165178,RELIANCE.NS
2022-08-10,1172.5205854155333,1178.4357560699364,1163.4886007618413,1175.0687255859375,10724688,RELIANCE.NS
2022-08-11,1184.4416775272762,1187.5357439542797,1174.02189010763,1178.9815673828125,8198226,RELIANCE.NS
2022-08-12,1178.6176057306407,1201.845973401522,1174.9321182963517,1198.046630859375,12650587,RELIANCE.NS
2022-08-16,1204.052862906299,1209.1035287580976,1195.4531911057852,1206.3734130859375,6607378,RELIANCE.NS
2022-08-17,1212.6070521185068,1218.0216687174445,1208.3071564277768,1212.67529296875,6595965,RELIANCE.NS
2022-08-18,1214.2810405952932,1218.3894546289891,1205.24240897424,1214.87451171875,7410035,RELIANCE.NS
2022-08-19,1209.7159828214287,1215.0569809988342,1189.1507309375147,1193.213623046875,9460724,RELIANCE.NS
2022-08-22,1194.6517009933089,1201.1795211355932,1180.500282384016,1189.904052734375,9471680,RELIANCE.NS
2022-08-23,1184.1522321085429,1211.1768414672938,1182.9424687305054,1208.2552490234375,9678484,RELIANCE.NS
2022-08-24,1205.1968562417935,1218.846089361482,1203.0284828486285,1205.0369873046875,10369622,RELIANCE.NS
2022-08-25,1209.2366122809538,1215.6046836675666,1197.2079256645413,1201.5218505859375,7871946,RELIANCE.NS
2022-08-26,1201.9555917154182,1209.716117387308,1190.0867726380989,1195.108154296875,10742038,RELIANCE.NS
2022-08-29,1180.0437597555986,1211.9985882371661,1176.8711343003506,1185.8184814453125,19838975,RELIANCE.NS
2022-08-30,1193.2823008817281,1207.547826665914,1176.2092881324143,1204.21533203125,23139054,RELIANCE.NS
2022-09-01,1178.9710757031155,1189.150886984996,1164.385933490136,1168.81396484375,19909939,RELIANCE.NS
2022-09-02,1168.8139049237643,1175.638520959865,1152.9734784565321,1155.1646728515625,12999345,RELIANCE.NS
2022-09-05,1155.3929766209455,1178.446101569222,1155.3929766209455,1173.1051025390625,11327815,RELIANCE.NS
2022-09-06,1174.5658588505653,1189.6302455363334,1174.1093147173583,1185.4532470703125,10899618,RELIANCE.NS
2022-09-07,1175.478839783805,1184.563114237557,1173.1963605855797,1178.5601806640625,7488501,RELIANCE.NS
2022-09-08,1181.527366464761,1185.978218827882,1173.6528558204227,1180.226318359375,7057077,RELIANCE.NS
2022-09-09,1191.4561604892992,1191.4561604892992,1170.4573041604863,1172.8768310546875,8314850,RELIANCE.NS
2022-09-12,1173.4474025715353,1192.369291715923,1173.4474025715353,1186.0010986328125,7435419,RELIANCE.NS
2022-09-13,1195.1081207827935,1200.4491194045427,1187.3477160754526,1195.906982421875,8888657,RELIANCE.NS
2022-09-14,1175.4787801044877,1191.4561336808906,1174.451706778856,1181.572998046875,8678219,RELIANCE.NS
2022-09-15,1179.1307346574977,1188.5116835520153,1167.1476896556205,1169.8638916015625,10365600,RELIANCE.NS
2022-09-16,1161.213264147553,1165.4359048168926,1137.133067391258,1140.8763427734375,20217708,RELIANCE.NS
2022-09-19,1140.8762459554318,1151.6038847358493,1132.7277612467549,1142.35986328125,7580254,RELIANCE.NS
2022-09-20,1151.4898271317024,1158.4514907194557,1138.8220264150539,1142.54248046875,8411448,RELIANCE.NS
2022-09-21,1139.7580348153278,1156.3060391967588,1138.9591731329301,1145.6925048828125,9207309,RELIANCE.NS
2022-09-22,1134.8505978968233,1142.6110027498532,1128.5053470017444,1134.896240234375,10308170,RELIANCE.NS
2022-09-23,1134.394179751921,1139.3927402184245,1112.0714541784876,1113.62353515625,9528051,RELIANCE.NS
2022-09-26,1092.8756748841324,1103.7175409409906,1084.2479451217905,1085.252197265625,12479523,RELIANCE.NS
2022-09-27,1092.8528108642224,1107.4607728213189,1077.3776445528867,1093.8800048828125,16154822,RELIANCE.NS
2022-09-28,1077.491757249726,1085.5489575446488,1062.3132660155625,1064.7554931640625,16997059,RELIANCE.NS
2022-09-29,1077.3320028920632,1080.7556609643932,1055.8766040342564,1061.4915771484375,14671827,RELIANCE.NS
2022-09-30,1054.9636064469146,1096.5047707006538,1054.9636064469146,1085.434814453125,18613024,RELIANCE.NS
2022-10-03,1091.7117072217247,1103.3294933419215,1078.7015883112226,1081.6688232421875,11852723,RELIANCE.NS
2022-10-04,1094.587668996287,1103.808870249341,1091.095426399377,1101.61767578125,8948850,RELIANCE.NS
2022-10-06,1108.830344904405,1118.4166846220046,1103.87730611944,1105.680419921875,13352162,RELIANCE.NS
2022-10-07,1102.2795971833257,1115.6321543527151,1102.2795971833257,1110.359619140625,7714340,RELIANCE.NS
2022-10-10,1097.8743645838504,1103.6262649687026,1090.1139598954956,1098.2396240234375,6329527,RELIANCE.NS
2022-10-11,1101.9828714622417,1101.9828714622417,1073.269250949044,1076.3734130859375,9215177,RELIANCE.NS
2022-10-12,1073.6801664299744,1087.2381151547559,1069.6172735984808,1084.293701171875,7417103,RELIANCE.NS
2022-10-13,1082.5360411069073,1092.8527780894253,1077.3776122421918,1087.7401123046875,7328492,RELIANCE.NS
2022-10-14,1102.4393688537991,1103.0556611703817,1081.48615457156,1082.216552734375,9106089,RELIANCE.NS
2022-10-17,1075.0496814411536,1101.982888862092,1069.845609321564,1099.5863037109375,16729355,RELIANCE.NS
2022-10-18,1105.634748048647,1124.3511243615108,1104.7902440911478,1118.9873046875,12415820,RELIANCE.NS
2022-10-19,1120.4709308445554,1153.9550179585947,1114.6277458530562,1138.4569091796875,19247142,RELIANCE.NS
2022-10-20,1134.3942113183082,1149.9150215278255,1134.3942113183082,1141.5155029296875,8717053,RELIANCE.NS
2022-10-21,1144.7565172867282,1148.9106943491454,1126.177188586748,1128.2769775390625,8243452,RELIANCE.NS
2022-10-24,1122.9816380159375,1142.382770547029,1120.836206695688,1132.0430908203125,3370033,RELIANCE.NS
2022-10-25,1140.7849504711187,1140.7849504711187,1112.9386597912353,1114.5592041015625,12233241,RELIANCE.NS
2022-10-27,1122.0686333408069,1126.8391025996318,1110.5649536618178,1118.941650390625,12513059,RELIANCE.NS
2022-10-28,1125.2641978503823,1157.2190279737692,1122.7306857391648,1153.1790771484375,17609592,RELIANCE.NS
2022-10-31,1159.957944449031,1169.065039404331,1155.9406944170403,1163.8837890625,12419943,RELIANCE.NS
2022-11-01,1186.8912136799254,1186.8912136799254,1144.8936213637878,1154.8680419921875,13963166,RELIANCE.NS
2022-11-02,1155.986348539346,1164.1576549471247,1148.0890168960855,1162.08056640625,8981896,RELIANCE.NS
2022-11-03,1154.8680356681098,1168.4259835133787,1152.676841200972,1166.4173583984375,6693449,RELIANCE.NS
2022-11-04,1165.8465983843867,1186.8910951526373,1164.5684922927214,1183.58154296875,12575815,RELIANCE.NS
2022-11-07,1182.7827614663586,1191.5931814379082,1175.0223567357784,1189.904052734375,11789748,RELIANCE.NS
2022-11-09,1191.5931131291466,1196.9112902936065,1182.3489707407007,1188.7171630859375,11254205,RELIANCE.NS
2022-11-10,1182.3262632089597,1185.3163193750859,1170.0008998356418,1174.337646484375,5966242,RELIANCE.NS
2022-11-11,1186.8912796597394,1203.3251787933696,1181.4133535308406,1201.407958984375,12310132,RELIANCE.NS
2022-11-14,1200.9284005914947,1206.0640083384951,1189.2420312652064,1195.58740234375,9043112,RELIANCE.NS
2022-11-15,1197.0711926191022,1198.9427700567662,1182.3263018305277,1190.2237548828125,7086433,RELIANCE.NS
2022-11-16,1191.4561277313167,1194.1723297469184,1178.3775455967132,1183.3990478515625,9716161,RELIANCE.NS
2022-11-17,1180.020863607493,1192.825591205946,1177.7612057960014,1186.45751953125,6661451,RELIANCE.NS
2022-11-18,1189.9725379072304,1190.9997319984882,1173.6985088451027,1185.8184814453125,5303197,RELIANCE.NS
2022-11-21,1181.4131345958851,1181.4131345958851,1160.9164671915146,1164.4771728515625,6390268,RELIANCE.NS
2022-11-22,1161.783907991267,1172.5115476255721,1157.9037056180239,1170.9366455078125,6611488,RELIANCE.NS
2022-11-23,1175.4786728280303,1176.8025419691705,1165.0933516897298,1167.2845458984375,6413408,RELIANCE.NS
2022-11-24,1171.3704732897338,1184.152381470378,1163.2448083737015,1177.3505859375,9389439,RELIANCE.NS
2022-11-25,1181.8698970100845,1198.2580330465703,1178.7199717595092,1194.9256591796875,7349922,RELIANCE.NS
2022-11-28,1190.9541361505962,1242.1502306285356,1142.154626734269,1235.987548828125,31527484,RELIANCE.NS
2022-11-29,1234.3440108402901,1246.9889910362924,1229.8018737736188,1238.110107421875,11058913,RELIANCE.NS
2022-11-30,1238.247142030381,1253.288707028199,1231.7192011093234,1246.85205078125,26164986,RELIANCE.NS
2022-12-01,1251.6224067137045,1257.6481612150444,1239.8448724818554,1243.17724609375,9485801,RELIANCE.NS
2022-12-02,1246.235748845341,1254.4526976676975,1232.8147284105949,1242.6522216796875,11589592,RELIANCE.NS
2022-12-05,1238.0189040182454,1240.1872774344642,1222.4980932976318,1224.5294189453125,14828536,RELIANCE.NS
2022-12-06,1216.6091015367565,1231.1713003979203,1214.737403586102,1228.067138671875,8594245,RELIANCE.NS
2022-12-07,1225.693478313524,1230.258436618436,1206.132596960368,1209.9443359375,8462111,RELIANCE.NS
2022-12-08,1214.2809311328976,1216.5634100007333,1205.1966579940977,1209.37353515625,7757008,RELIANCE.NS
2022-12-09,1207.8900896926802,1214.2811038799705,1187.7357368415526,1191.04541015625,12655763,RELIANCE.NS
2022-12-12,1180.2719996623723,1197.3905313761602,1180.0436672450348,1192.8712158203125,9479842,RELIANCE.NS
2022-12-13,1192.8713067918438,1201.9555809304147,1189.9497141999723,1198.3037109375,8333348,RELIANCE.NS
2022-12-14,1204.0782660411908,1204.6717371538757,1191.9126515922892,1193.9669189453125,7268947,RELIANCE.NS
2022-12-15,1188.0324923462415,1193.7386297598832,1173.6528618480468,1177.008056640625,8688551,RELIANCE.NS
2022-12-16,1173.6529134607251,1195.4734533972091,1167.78690686101,1171.187744140625,15837349,RELIANCE.NS
2022-12-19,1178.2177795852808,1188.7172073020977,1171.6898388274747,1186.5716552734375,7729933,RELIANCE.NS
2022-12-20,1179.541792973625,1198.7602374146065,1171.3704856304953,1196.843017578125,7467588,RELIANCE.NS
2022-12-21,1196.477661489117,1201.9555872542346,1175.9809916475376,1179.8155517578125,8527550,RELIANCE.NS
2022-12-22,1185.9781586267084,1189.013856887232,1171.7126347696108,1176.7569580078125,7451122,RELIANCE.NS
2022-12-23,1170.137785137051,1182.554553491853,1137.703712598857,1142.245849609375,10257115,RELIANCE.NS
2022-12-26,1147.9748739735228,1160.414342154975,1137.7721216907048,1152.22021484375,5990242,RELIANCE.NS
2022-12-27,1154.9364624540497,1163.518549950611,1148.2031310835503,1161.64697265625,5763271,RELIANCE.NS
2022-12-28,1158.5884232916014,1163.9750640999512,1151.0562304776126,1161.5328369140625,7459393,RELIANCE.NS
2022-12-29,1153.566904464591,1163.5641454874342,1152.882148696241,1161.0078125,6930648,RELIANCE.NS
2022-12-30,1161.829476176333,1176.3916749175478,1160.0035413220228,1162.7880859375,7289476,RELIANCE.NS
2023-01-02,1164.066351583663,1177.3048023328713,1163.244668797144,1175.8896484375,5316175,RELIANCE.NS
2023-01-03,1170.9365362462836,1174.5657054277967,1163.0620263922654,1167.2845458984375,7658932,RELIANCE.NS
2023-01-04,1167.2618507099899,1169.1107276232437,1147.6325061253483,1149.7095947265625,9264891,RELIANCE.NS
2023-01-05,1151.969321148222,1157.858149023016,1143.0676158255733,1147.6553955078125,13637099,RELIANCE.NS
2023-01-06,1153.4071180013361,1163.1305046928026,1149.595379440652,1158.086181640625,6349597,RELIANCE.NS
2023-01-09,1161.9207528429104,1187.8041821914996,1161.0306065888913,1185.4302978515625,10722753,RELIANCE.NS
2023-01-10,1189.6301316742909,1189.6301316742909,1162.2403842296717,1167.90087890625,8047142,RELIANCE.NS
2023-01-11,1165.2077656913489,1167.7184566325625,1150.873655990327,1153.1790771484375,11509553,RELIANCE.NS
2023-01-12,1152.5855061360771,1156.077627831873,1125.2641003718309,1128.2769775390625,17688773,RELIANCE.NS
2023-01-13,1122.2513519945564,1128.8705782042637,1111.3867843100481,1126.451171875,20618583,RELIANCE.NS
2023-01-16,1128.7791493112115,1131.951774613395,1107.917221092014,1115.723388671875,13623855,RELIANCE.NS
2023-01-17,1122.0687880986452,1133.4811846812154,1118.690771838856,1131.56396484375,10751000,RELIANCE.NS
2023-01-18,1129.1444306357287,1137.178689301756,1123.1414974309203,1129.692138671875,13448286,RELIANCE.NS
2023-01-19,1128.8705038207283,1132.6366004638107,1121.4524163802744,1128.4825439453125,11940054,RELIANCE.NS
2023-01-20,1129.8291140692525,1129.8291140692525,1112.596474928504,1115.0615234375,14930286,RELIANCE.NS
2023-01-23,1117.960272105855,1125.811961602633,1107.004299933337,1109.4237060546875,10954118,RELIANCE.NS
2023-01-24,1113.851719292168,1115.51790607312,1089.8171651533376,1102.873046875,16488755,RELIANCE.NS
2023-01-25,1101.2753294802073,1102.302402806859,1086.461976225218,1087.6259765625,12385018,RELIANCE.NS
2023-01-27,1088.4706538388855,1089.817223588686,1055.260418546103,1066.992431640625,25830975,RELIANCE.NS
2023-01-30,1064.4132886312711,1082.764407064242,1050.3987961919847,1077.218017578125,21772103,RELIANCE.NS
2023-01-31,1087.3747826880974,1089.9540573273835,1068.6584086670991,1074.5244140625,22691594,RELIANCE.NS
2023-02-01,1086.4390237052419,1086.4390237052419,1052.2245419941687,1068.1563720703125,19347800,RELIANCE.NS
2023-02-02,1058.1590377354637,1071.85391093282,1054.9635914721293,1062.2447509765625,13662663,RELIANCE.NS
2023-02-03,1072.3105805967245,1072.3105805967245,1046.7467660021255,1063.1806640625,24699575,RELIANCE.NS
2023-02-06,1056.7897340697052,1059.528757546533,1052.5900349184292,1055.169189453125,14837879,RELIANCE.NS
2023-02-07,1055.4202857843334,1062.4502927137798,1046.7467924098464,1052.6356201171875,15135435,RELIANCE.NS
2023-02-08,1055.876758827137,1077.28651848918,1053.1378561171298,1073.6573486328125,21160332,RELIANCE.NS
2023-02-09,1074.341987106508,1082.284961068636,1065.463103759131,1075.52880859375,13172763,RELIANCE.NS
2023-02-10,1075.0039060071294,1075.0039060071294,1059.6655455942528,1066.6728515625,10790445,RELIANCE.NS
2023-02-13,1068.293381324993,1072.7670546240697,1056.127767130611,1060.6014404296875,10352493,RELIANCE.NS
2023-02-14,1063.6144381671827,1087.329376978281,1060.738487756277,1085.5947265625,14321920,RELIANCE.NS
2023-02-15,1084.6358877756606,1112.5735854842064,1083.2664969637603,1110.1768798828125,33503591,RELIANCE.NS
2023-02-16,1118.1655094417106,1124.7162706791198,1107.0269694456317,1109.3094482421875,17264487,RELIANCE.NS
2023-02-17,1104.7216712307097,1117.2753650050747,1100.4305676175113,1113.94287109375,11809520,RELIANCE.NS
2023-02-20,1116.13425652598,1118.3026298698114,1100.2025445254703,1102.16552734375,8836937,RELIANCE.NS
2023-02-21,1106.5479683974272,1116.9559918914763,1101.2296696771075,1111.1585693359375,13311592,RELIANCE.NS
2023-02-22,1107.4379365148654,1109.2866925279875,1084.2022454513722,1085.959716796875,11024335,RELIANCE.NS
2023-02-23,1085.5490279902117,1093.1953270218976,1077.9483712962124,1080.7557373046875,9851910,RELIANCE.NS
2023-02-24,1082.8100022510873,1093.8344379808216,1080.9840672539892,1088.1510009765625,9434053,RELIANCE.NS
2023-02-27,1087.3750050988056,1090.8672478016565,1073.543202799622,1080.91552734375,11199715,RELIANCE.NS
2023-02-28,1075.5516247048565,1080.5274845520237,1056.1734344203933,1060.2362060546875,21994038,RELIANCE.NS
2023-03-01,1070.0280642112666,1070.712820002187,1060.5557097259696,1069.982421875,11551145,RELIANCE.NS
2023-03-02,1066.8325430044117,1073.5202315216086,1059.8024162422653,1061.8338623046875,9333535,RELIANCE.NS
2023-03-03,1072.3791189632545,1092.6019362119685,1068.9098180563456,1088.9271240234375,14643807,RELIANCE.NS
2023-03-06,1095.5918675399987,1106.8216933590497,1095.5918675399987,1099.5633544921875,10171916,RELIANCE.NS
2023-03-08,1099.5632986303585,1104.265304210858,1088.7443751303776,1103.5120849609375,15782657,RELIANCE.NS
2023-03-09,1102.8958764013148,1103.3066574341256,1075.095225544964,1076.9896240234375,16235128,RELIANCE.NS
2023-03-10,1068.8868957671646,1070.0280749321848,1056.8124450060086,1060.3046875,13334091,RELIANCE.NS
2023-03-13,1063.1806779260546,1070.0281154160118,1038.5298305140532,1042.8665771484375,12771592,RELIANCE.NS
2023-03-14,1040.812257084253,1052.2018311560978,1035.8136967949142,1038.9635009765625,16027522,RELIANCE.NS
2023-03-15,1042.6840329673732,1049.1662111592916,1016.800600298463,1021.205810546875,21728555,RELIANCE.NS
2023-03-16,1023.921951504309,1028.9433330363881,1005.2968594074098,1016.1157836914062,18363159,RELIANCE.NS
2023-03-17,1024.7208434439497,1028.007574780085,1010.0901194945558,1014.8377075195312,34014213,RELIANCE.NS
2023-03-20,1011.1400680229121,1013.4225471579439,995.1626537042278,1004.8632202148438,19524589,RELIANCE.NS
2023-03-21,1012.9430039303461,1038.0732119172073,1012.0528577510236,1036.1102294921875,21400360,RELIANCE.NS
2023-03-22,1043.0948141638403,1046.0392280531037,1036.2473765076484,1039.26025390625,10920094,RELIANCE.NS
2023-03-23,1035.3343603002547,1036.2016854580306,1023.9447859117854,1026.1131591796875,16249370,RELIANCE.NS
2023-03-24,1024.9489888672188,1027.117362031003,1003.3795441878093,1005.7989501953125,12375945,RELIANCE.NS
2023-03-27,1012.2812223607901,1028.9432703448797,1004.3838307288752,1021.4338989257812,14054323,RELIANCE.NS
2023-03-28,1024.8349561252708,1030.0846702786253,1021.1829653124684,1026.2044677734375,12576424,RELIANCE.NS
2023-03-29,1022.0958575091914,1024.743595933455,1009.3596536883372,1020.1329956054688,18804065,RELIANCE.NS
2023-03-31,1029.3999027039445,1069.7770709600845,1029.2629756900762,1064.116455078125,28171201,RELIANCE.NS
2023-04-03,1070.4846960590223,1072.3106311531849,1056.7896998650788,1064.299072265625,10293043,RELIANCE.NS
2023-04-05,1071.8540232011114,1071.8540232011114,1053.8453439607506,1061.74267578125,16262928,RELIANCE.NS
2023-04-06,1058.2275373074351,1074.592970502133,1058.2275373074351,1068.8638916015625,18435046,RELIANCE.NS
2023-04-10,1072.7671126043012,1072.9496819536614,1059.779694186431,1061.2861328125,12961408,RELIANCE.NS
2023-04-11,1065.4631729553812,1068.6586196822263,1060.9210357303307,1066.535888671875,10542367,RELIANCE.NS
2023-04-12,1066.5357872569193,1080.8925957399235,1063.6599579243734,1071.23779296875,18179087,RELIANCE.NS
2023-04-13,1074.1365320735108,1079.9797173840186,1069.1151503508545,1075.27783203125,12378208,RELIANCE.NS
2023-04-17,1106.9814803229494,1106.9814803229494,1072.333391852291,1080.73291015625,17929479,RELIANCE.NS
2023-04-18,1085.0925121063174,1085.0925121063174,1061.8111761257844,1068.3619384765625,10405576,RELIANCE.NS
2023-04-19,1067.768405195298,1076.3733137885806,1064.64142217666,1073.6800537109375,12273475,RELIANCE.NS
2023-04-20,1074.638556551585,1076.875393044396,1064.5956738732273,1070.9637451171875,7007330,RELIANCE.NS
2023-04-21,1073.0637661728558,1077.7884724738815,1066.5586465106753,1072.310546875,7647317,RELIANCE.NS
2023-04-24,1084.1794719407253,1086.8727319946267,1071.8539885727766,1076.4190673828125,12936186,RELIANCE.NS
2023-04-25,1080.0710338352167,1086.7359021827194,1072.995384428631,1084.6588134765625,9236126,RELIANCE.NS
2023-04-26,1086.005534613959,1089.2467445727555,1074.6159592843226,1078.290771484375,8617834,RELIANCE.NS
2023-04-27,1084.1795677314856,1088.2879820525134,1079.158065119624,1085.1153564453125,9167125,RELIANCE.NS
2023-04-28,1087.374995527852,1106.5022750107378,1087.2608896802224,1104.9500732421875,15565210,RELIANCE.NS
2023-05-02,1112.1171610071847,1116.4995501680314,1108.4195276994035,1114.3311767578125,12981805,RELIANCE.NS
2023-05-03,1116.1342091904096,1116.1342091904096,1101.549188303151,1104.7674560546875,7061872,RELIANCE.NS
2023-05-04,1105.2467632974385,1119.717677582049,1102.2567073883076,1117.503662109375,8635233,RELIANCE.NS
2023-05-05,1114.3083172243437,1123.5979821409157,1112.0258380416835,1114.650634765625,8746585,RELIANCE.NS
2023-05-08,1118.4165791288924,1133.7777597410543,1115.7461404298203,1128.4139404296875,9153782,RELIANCE.NS
2023-05-09,1129.8291612797643,1135.2159233997013,1124.4653410768628,1131.90625,6464721,RELIANCE.NS
2023-05-10,1136.6766978121202,1141.173192717246,1132.659447469911,1139.6895751953125,10872255,RELIANCE.NS
2023-05-11,1140.7622816578707,1145.578272899187,1130.536707274967,1132.2486572265625,10557860,RELIANCE.NS
2023-05-12,1127.4553650769165,1135.4897449397138,1121.3839680276494,1134.097412109375,6955341,RELIANCE.NS
2023-05-15,1136.6310244600713,1143.318592964205,1128.9846046154787,1136.334228515625,6833343,RELIANCE.NS
2023-05-16,1138.5024831085086,1141.058816015231,1118.4850597805391,1120.1513671875,8717229,RELIANCE.NS
2023-05-17,1124.3511508366894,1125.2641183192468,1108.830341392445,1113.5322265625,8798967,RELIANCE.NS
2023-05-18,1118.2112689036005,1121.6122266625744,1107.9856952056505,1111.1356201171875,10525531,RELIANCE.NS
2023-05-19,1111.1355938507186,1116.5678769225615,1104.1967514891073,1114.7418212890625,8050447,RELIANCE.NS
2023-05-22,1111.5691808774143,1125.720598669704,1110.3595382742935,1120.6990966796875,7434906,RELIANCE.NS
2023-05-23,1123.2783175836105,1126.6335119735163,1119.0784985578177,1120.49365234375,6092034,RELIANCE.NS
2023-05-24,1116.5452176617491,1124.8078096781505,1110.8617801773491,1113.9659423828125,8112254,RELIANCE.NS
2023-05-25,1111.0672556833676,1117.9603357408223,1102.9187697829475,1113.8289794921875,11487863,RELIANCE.NS
2023-05-26,1122.0687058844728,1145.3500415058625,1118.7591533794464,1144.2088623046875,12626260,RELIANCE.NS
2023-05-29,1150.8278330032474,1154.9363674405995,1144.5282250956022,1150.645263671875,10010304,RELIANCE.NS
2023-05-30,1150.645307987406,1158.451475420254,1147.7921790871794,1150.3486328125,11342504,RELIANCE.NS
2023-05-31,1141.2416143873527,1145.7381091276332,1123.4382047768395,1127.5009765625,27107927,RELIANCE.NS
2023-06-01,1132.1802156805027,1134.34858906371,1122.068746948841,1124.46533203125,14592692,RELIANCE.NS
2023-06-02,1128.003101699598,1133.412563645759,1118.8731857024297,1120.7904052734375,15800644,RELIANCE.NS
2023-06-05,1126.2684221252366,1133.8234358683376,1122.2739934203582,1130.856201171875,10908682,RELIANCE.NS
2023-06-06,1133.6866395560062,1135.626680467698,1123.8947880782737,1131.81494140625,7493309,RELIANCE.NS
2023-06-07,1135.3071289198083,1141.241598708449,1128.7335456658939,1140.3970947265625,10312545,RELIANCE.NS
2023-06-08,1143.9804362633743,1148.9334747780272,1137.1329993758209,1141.0816650390625,12071109,RELIANCE.NS
2023-06-09,1144.437171009834,1145.1447480583759,1131.1987183736474,1133.001953125,5877018,RELIANCE.NS
2023-06-12,1130.0574375493186,1136.311403822295,1125.2641468372988,1134.006103515625,6391969,RELIANCE.NS
2023-06-13,1138.9591656822827,1151.946463788879,1134.9647365494955,1150.759521484375,11248016,RELIANCE.NS
2023-06-14,1150.827933567815,1166.3488637759137,1149.0019986007082,1164.910888671875,13277380,RELIANCE.NS
2023-06-15,1164.888030487722,1169.7954267696327,1157.4471223513988,1165.23046875,11813494,RELIANCE.NS
2023-06-16,1168.72265257123,1178.856942021871,1168.72265257123,1176.574462890625,24171579,RELIANCE.NS
2023-06-19,1179.5873088461865,1179.5873088461865,1160.7111839901809,1164.8880615234375,6798554,RELIANCE.NS
2023-06-20,1162.9480481347903,1170.457299404325,1157.2189687814275,1167.3074951171875,6921096,RELIANCE.NS
2023-06-21,1167.2617442064677,1173.127750027222,1163.1533304634168,1170.59423828125,6961603,RELIANCE.NS
2023-06-22,1166.8053921892115,1174.702723824018,1155.8494202932393,1157.4471435546875,7619166,RELIANCE.NS
2023-06-23,1154.434209748897,1156.4884770186727,1146.7194478373872,1147.974853515625,6628570,RELIANCE.NS
2023-06-26,1144.437098137329,1148.2716583591261,1136.0832218598148,1139.210205078125,12641159,RELIANCE.NS
2023-06-27,1139.666736088607,1145.578264166708,1135.1474200849475,1139.62109375,9689466,RELIANCE.NS
2023-06-28,1147.1760589375283,1158.519990797568,1140.2600374666351,1154.708251953125,11354006,RELIANCE.NS
2023-06-30,1162.423070452648,1167.1021346662303,1156.511421596289,1164.1805419921875,11151555,RELIANCE.NS
2023-07-03,1167.741194264735,1196.9341777415286,1166.5086096788432,1194.0582275390625,12154387,RELIANCE.NS
2023-07-04,1198.3036177471888,1198.3036177471888,1174.6798459927943,1181.755615234375,8061643,RELIANCE.NS
2023-07-05,1190.9997357239995,1190.9997357239995,1175.8440646341217,1179.8155517578125,10248062,RELIANCE.NS
2023-07-06,1175.958111582341,1207.1824197013011,1175.958111582341,1204.5804443359375,19117987,RELIANCE.NS
2023-07-07,1202.8687277617782,1216.5407819731026,1199.6731602419495,1202.2296142578125,13375267,RELIANCE.NS
2023-07-10,1227.4738168988026,1258.1047776229054,1221.128565671655,1248.5411376953125,33240016,RELIANCE.NS
2023-07-11,1256.6895309307056,1264.4955779542368,1249.705166712445,1262.076171875,20069348,RELIANCE.NS
2023-07-12,1262.8064492251153,1279.1034182559108,1260.6837185366455,1263.4683837890625,18733835,RELIANCE.NS
2023-07-13,1270.8408996155135,1277.7339788902639,1249.545369524751,1252.170166015625,14682934,RELIANCE.NS
2023-07-14,1255.365580017741,1260.3414396091937,1243.9988277461352,1251.1202392578125,15124144,RELIANCE.NS
2023-07-17,1253.9963391795925,1285.060901535764,1245.3228457945552,1276.6842041015625,22220040,RELIANCE.NS
2023-07-18,1285.9509768018002,1295.286283587151,1274.995004828538,1287.52587890625,25867313,RELIANCE.NS
2023-07-19,1291.8854597114334,1303.7543992835303,1276.8210735612868,1297.294921875,39122156,RELIANCE.NS
2023-07-20,1276.014839753512,1301.213635792283,1276.014839753512,1295.723876953125,38717624,RELIANCE.NS
2023-07-21,1290.3576048302098,1293.2755748788927,1248.1205739980844,1255.6134033203125,30249238,RELIANCE.NS
2023-07-24,1227.0515368964086,1243.8424839995957,1221.2649818512405,1230.216796875,23727866,RELIANCE.NS
2023-07-25,1233.4810641733905,1239.0203294862108,1226.5569523456327,1229.425537109375,12026020,RELIANCE.NS
2023-07-26,1229.029726310642,1259.6936470475673,1229.029726310642,1249.4063720703125,12911012,RELIANCE.NS
2023-07-27,1253.2889256301971,1255.06933898356,1231.6758304667376,1237.7838134765625,17226898,RELIANCE.NS
2023-07-28,1242.4081558253793,1257.6412248805652,1236.7204929547063,1250.2225341796875,20827852,RELIANCE.NS
2023-07-31,1250.222567835286,1263.1062644351005,1245.3261593927457,1260.8065185546875,8551174,RELIANCE.NS
2023-08-01,1263.6503718598296,1265.6286894674379,1239.0697997346808,1242.9769287109375,9536632,RELIANCE.NS
2023-08-02,1240.9985763343113,1242.383422770223,1218.4458286875906,1229.697509765625,12748214,RELIANCE.NS
2023-08-03,1224.23249959185,1236.8936606795558,1215.7010043381908,1224.5291748046875,10168350,RELIANCE.NS
2023-08-04,1235.8549028515122,1244.3616435147105,1222.4023686926273,1241.171630859375,22885610,RELIANCE.NS
2023-08-07,1246.8345411789287,1250.494380069662,1238.9212715800145,1248.244140625,5982870,RELIANCE.NS
2023-08-08,1250.2965991690858,1253.486611833248,1236.2258407843067,1240.7264404296875,9844072,RELIANCE.NS
2023-08-09,1238.8472469851743,1250.7912910864598,1227.1009863432985,1248.911865234375,11486586,RELIANCE.NS
2023-08-10,1248.7882887892447,1261.1775274732204,1240.627728317359,1254.4759521484375,15470598,RELIANCE.NS
2023-08-11,1252.4975295128647,1265.5544976220099,1242.5565564009414,1259.767822265625,22179330,RELIANCE.NS
2023-08-14,1255.737002454242,1277.1523130180672,1248.8128913733601,1274.6546630859375,9575812,RELIANCE.NS
2023-08-16,1261.672044700447,1277.3996937112483,1261.672044700447,1273.6160888671875,10203112,RELIANCE.NS
2023-08-17,1269.6348629683328,1275.0752365265755,1252.695518025622,1255.2425537109375,13673744,RELIANCE.NS
2023-08-18,1251.9040005908723,1274.8278021449016,1240.6770733077956,1264.54052734375,18639978,RELIANCE.NS
2023-08-21,1260.6443643964944,1268.3374245054665,1248.5836072167706,1250.74267578125,9221746,RELIANCE.NS
2023-08-22,1249.204008079304,1259.6517042081298,1240.319812990251,1250.44482421875,7713044,RELIANCE.NS
2023-08-23,1252.8272476636503,1262.0838090060652,1249.2288807667073,1251.8345947265625,9517952,RELIANCE.NS
2023-08-24,1260.6195534341234,1260.6195534341234,1226.4227081001463,1230.7904052734375,14140020,RELIANCE.NS
2023-08-25,1218.9778633049934,1243.2978613921046,1212.3271367872899,1225.1075439453125,22222400,RELIANCE.NS
2023-08-28,1226.9190501118926,1232.8749678308823,1206.6193456890517,1212.8978271484375,12580826,RELIANCE.NS
2023-08-29,1217.0173382536789,1217.7121468384466,1195.2285336373561,1201.2838134765625,16876644,RELIANCE.NS
2023-08-30,1207.0659417448908,1212.5255327642963,1198.628391987628,1200.1422119140625,12168946,RELIANCE.NS
2023-08-31,1202.5989377093504,1203.5915905675504,1191.133748727762,1194.65771484375,21638600,RELIANCE.NS
2023-09-01,1194.4343955405523,1203.9141576589248,1192.0023233270636,1197.4619140625,18112842,RELIANCE.NS
2023-09-04,1197.4619529612135,1202.921543874001,1193.8140262826475,1196.494140625,9347626,RELIANCE.NS
2023-09-05,1201.1100268699734,1208.033756715794,1197.3627378820318,1202.8968505859375,8675876,RELIANCE.NS
2023-09-06,1201.6560920331103,1209.125708635972,1199.745186611218,1205.4281005859375,8200370,RELIANCE.NS
2023-09-07,1201.9537313347682,1210.1679582595825,1196.6430625915527,1207.06591796875,13652572,RELIANCE.NS
2023-09-08,1211.0365924741222,1218.9778160313297,1202.5742018862823,1215.1064453125,23109288,RELIANCE.NS
2023-09-11,1216.9924464989115,1229.326207160582,1216.9924464989115,1228.20947265625,13271074,RELIANCE.NS
2023-09-12,1232.3787090583842,1232.3787090583842,1209.0265228175713,1210.4659423828125,16255666,RELIANCE.NS
2023-09-13,1211.0365644667,1222.2783103355039,1204.2120756300537,1216.52099609375,12803338,RELIANCE.NS
2023-09-14,1220.9630582690309,1223.8417758931353,1213.5181615722684,1217.6376953125,9209636,RELIANCE.NS
2023-09-15,1224.9337835939812,1224.9337835939812,1215.7517434819517,1219.8961181640625,25468592,RELIANCE.NS
2023-09-18,1211.061482045193,1216.4962329024152,1207.0908701058952,1209.274658203125,7516300,RELIANCE.NS
2023-09-20,1202.623798606989,1204.8821081322808,1168.8487603007638,1182.323974609375,57081884,RELIANCE.NS
2023-09-21,1178.750555955457,1186.2699748730859,1171.3304992731428,1173.712890625,12226182,RELIANCE.NS
2023-09-22,1179.2717940052096,1182.47307577697,1166.3673046768697,1168.8240966796875,19176786,RELIANCE.NS
2023-09-25,1166.5657437194718,1171.6779308453931,1158.9720452955405,1161.6273193359375,14254884,RELIANCE.NS
2023-09-26,1160.684188171601,1166.4663425671888,1159.2200494490667,1162.6446533203125,10087782,RELIANCE.NS
2023-09-27,1163.1410372849095,1177.1871000752483,1160.6594050312615,1175.7476806640625,11722778,RELIANCE.NS
2023-09-28,1182.7459002555731,1182.7459002555731,1153.9589668880435,1158.4755859375,14518346,RELIANCE.NS
2023-09-29,1162.2973995824232,1175.847137006539,1158.475709840611,1163.8856201171875,12342014,RELIANCE.NS
2023-10-03,1156.415758225436,1159.220075299941,1149.492028660551,1150.55908203125,8859056,RELIANCE.NS
2023-10-04,1146.0178196869251,1150.981084388904,1139.1189302205564,1148.5738525390625,10286386,RELIANCE.NS
2023-10-05,1151.105104982258,1156.14276991832,1146.017758932428,1148.549072265625,10953682,RELIANCE.NS
2023-10-06,1150.0132553057874,1153.8597853939605,1147.5316229908371,1150.4847412109375,5431026,RELIANCE.NS
2023-10-09,1145.5711149238573,1147.4818990309532,1139.0691900320726,1140.6822509765625,7576878,RELIANCE.NS
2023-10-10,1144.8018394410437,1150.435072150941,1143.4121010954177,1145.719970703125,10236032,RELIANCE.NS
2023-10-11,1148.7227620999727,1166.2182699823193,1148.0031129607796,1163.910400390625,9814118,RELIANCE.NS
2023-10-12,1163.3148210249558,1171.0078811502246,1160.485663265934,1166.0693359375,12554450,RELIANCE.NS
2023-10-13,1161.4040366702475,1170.0897506197043,1156.0188455521982,1166.0198974609375,10150316,RELIANCE.NS
2023-10-16,1163.885548402189,1168.6254903286665,1159.4186102633319,1163.4140625,5929036,RELIANCE.NS
2023-10-17,1169.3451452373686,1171.18152891328,1162.0491704758838,1168.972900390625,7928180,RELIANCE.NS
2023-10-18,1168.9729714451066,1174.8048077319042,1151.9737890772074,1153.4627685546875,8918320,RELIANCE.NS
2023-10-19,1147.5068298823098,1152.37085365543,1142.0472385636656,1144.603271484375,12032556,RELIANCE.NS
2023-10-20,1141.5508934053469,1148.846868358942,1139.7145096810816,1141.104248046875,8913312,RELIANCE.NS
2023-10-23,1136.5877075106362,1144.6530132953733,1119.3403612940447,1123.2861328125,7853962,RELIANCE.NS
2023-10-25,1116.7593673158804,1132.219887961399,1113.2602415640138,1120.6802978515625,11620688,RELIANCE.NS
2023-10-26,1117.2309217780673,1120.7052071856403,1101.9937228681183,1105.0709228515625,15222534,RELIANCE.NS
2023-10-27,1111.7712909465938,1128.3982276638756,1109.761144511754,1124.5765380859375,11771084,RELIANCE.NS
2023-10-30,1128.6463150337838,1153.958963260135,1126.6361687340607,1147.7548828125,16813304,RELIANCE.NS
2023-10-31,1155.4480281047179,1155.4480281047179,1133.0636557231696,1135.5452880859375,12808438,RELIANCE.NS
2023-11-01,1136.1656826268284,1150.236586425296,1129.2419526519689,1140.2603759765625,10309190,RELIANCE.NS
2023-11-02,1148.4746196953226,1153.6116471680004,1145.4966608528325,1151.57666015625,10562104,RELIANCE.NS
2023-11-03,1155.0509397455937,1158.897469898072,1149.3680258840427,1151.3284912109375,8850156,RELIANCE.NS
2023-11-06,1157.5822297180116,1161.4039192346488,1154.256866662586,1160.9075927734375,10647304,RELIANCE.NS
2023-11-07,1158.4507493206686,1160.9572220726066,1151.2540159543112,1153.3634033203125,6960204,RELIANCE.NS
2023-11-08,1157.4332718147846,1161.900209827792,1152.3459257444151,1159.368896484375,7884494,RELIANCE.NS
2023-11-09,1159.344192861405,1159.3689122452765,1143.6353879313751,1146.787109375,14513610,RELIANCE.NS
2023-11-10,1144.3054653415224,1149.6658152095554,1140.5830169850344,1148.946044921875,7734954,RELIANCE.NS
2023-11-13,1152.9166537769547,1153.7605056745233,1147.3578218124285,1148.7972412109375,3854810,RELIANCE.NS
2023-11-15,1161.4039352802765,1172.2982770196893,1154.9516911953863,1169.5684814453125,12220648,RELIANCE.NS
2023-11-16,1166.9131951067154,1178.3534231349859,1164.8533675821152,1171.6778564453125,13134910,RELIANCE.NS
2023-11-17,1167.8064883385834,1177.9067803474445,1167.3846835483773,1169.121826171875,7758634,RELIANCE.NS
2023-11-20,1165.647592311094,1170.5363354915235,1159.617152805321,1166.044677734375,4490186,RELIANCE.NS
2023-11-21,1174.3083747965666,1185.227556641674,1171.4296571663483,1180.7109375,8214450,RELIANCE.NS
2023-11-22,1178.7754188353035,1188.4289448727575,1177.3856804226161,1185.326904296875,8534814,RELIANCE.NS
2023-11-23,1185.3268657327444,1191.1835423841578,1185.3268657327444,1188.9500732421875,8531542,RELIANCE.NS
2023-11-24,1187.0144298509326,1192.474021001291,1186.7414260587238,1188.1558837890625,6749486,RELIANCE.NS
2023-11-28,1188.1558894990753,1191.034607263244,1178.899449291774,1188.404052734375,13792174,RELIANCE.NS
2023-11-29,1195.1540911072586,1197.1145563492605,1190.2156671664848,1191.5308837890625,12531306,RELIANCE.NS
2023-11-30,1188.5529645510346,1191.530923348677,1176.2440439527552,1179.9913330078125,28439984,RELIANCE.NS
2023-12-01,1180.2643464861462,1189.3967050711567,1180.0658643673892,1188.3544921875,14342842,RELIANCE.NS
2023-12-04,1215.9997806950958,1215.9997806950958,1190.4886500919326,1201.209228515625,15590990,RELIANCE.NS
2023-12-05,1210.540207865299,1211.4584602643838,1201.9288955146308,1209.9197998046875,12693624,RELIANCE.NS
2023-12-06,1214.560584514323,1227.3905513904704,1208.5549856031337,1221.5091552734375,16422442,RELIANCE.NS
2023-12-07,1220.9631623446442,1221.4346482742724,1212.0292855470004,1219.4990234375,8142096,RELIANCE.NS
2023-12-08,1222.874052744466,1229.251775342433,1213.5182500771466,1218.853759765625,10204894,RELIANCE.NS
2023-12-11,1218.9777608532804,1224.7351961410227,1217.1909371644088,1220.6405029296875,7066138,RELIANCE.NS
2023-12-12,1220.9631521449135,1223.41994400905,1201.1844932637518,1203.1202392578125,9197124,RELIANCE.NS
2023-12-13,1202.102614795848,1210.2176004047437,1194.3103140708777,1208.03369140625,10031182,RELIANCE.NS
2023-12-14,1217.9851619285064,1228.3831772791464,1212.3518080035872,1223.0228271484375,16972354,RELIANCE.NS
2023-12-15,1229.8970515295573,1240.8162343922088,1225.951280138882,1238.6324462890625,15932152,RELIANCE.NS
2023-12-18,1238.6323699765335,1258.1379030406688,1236.3243792186838,1251.239013671875,14165188,RELIANCE.NS
2023-12-19,1268.1140495332209,1277.4945707453207,1253.3234974409622,1269.6527099609375,16820604,RELIANCE.NS
2023-12-20,1276.080186427869,1289.8780864366483,1250.7426960684581,1254.2913818359375,17736722,RELIANCE.NS
2023-12-21,1254.2170195322976,1277.2962009364337,1249.8741628164655,1271.8614501953125,13765454,RELIANCE.NS
2023-12-22,1270.3972179591544,1280.968874306117,1264.4660199985942,1273.1021728515625,16541784,RELIANCE.NS
2023-12-26,1274.5663382448713,1286.453332624264,1271.935783794956,1279.554443359375,7465664,RELIANCE.NS
2023-12-27,1281.514887400953,1290.3990823415181,1277.0976304877347,1283.922119140625,9204156,RELIANCE.NS
2023-12-28,1285.3862277761266,1296.4046504171113,1283.9220890250845,1293.203369140625,12302636,RELIANCE.NS
2023-12-29,1295.9581362918193,1297.397434632089,1280.174929799553,1282.9791259765625,10864584,RELIANCE.NS
2024-01-01,1280.7953983035607,1293.8488097378856,1277.1225094292433,1285.6097412109375,4030540,RELIANCE.NS
2024-01-02,1283.0039664322292,1297.8937610136477,1277.0480485996618,1296.255859375,7448800,RELIANCE.NS
2024-01-03,1295.412048372221,1307.3238832997818,1279.132516403198,1282.16015625,9037536,RELIANCE.NS
2024-01-04,1284.4928354763001,1295.337616733607,1280.0755785995668,1288.7860107421875,9612778,RELIANCE.NS
2024-01-05,1291.8881165287519,1300.3009471094986,1289.456165302221,1294.2705078125,8086406,RELIANCE.NS
2024-01-08,1295.412156841061,1306.3064992127524,1275.0379299096924,1284.17041015625,7734652,RELIANCE.NS
2024-01-09,1290.4487513775189,1293.8237954235035,1279.132484246134,1280.7703857421875,5403074,RELIANCE.NS
2024-01-10,1279.0333061103788,1319.7320764251056,1278.0654937339266,1315.3148193359375,11102740,RELIANCE.NS
2024-01-11,1319.7321386109766,1352.489686993197,1318.7394856296971,1349.9088134765625,23725852,RELIANCE.NS
2024-01-12,1349.9087552154863,1363.2350482099334,1335.8626919019084,1360.6541748046875,15012164,RELIANCE.NS
2024-01-15,1364.8977157386187,1386.190071634762,1355.9638397810568,1383.8822021484375,8610594,RELIANCE.NS
2024-01-16,1379.7627106993223,1386.0413130880693,1360.4308194226976,1364.5255126953125,9069024,RELIANCE.NS
2024-01-17,1349.5117047016763,1376.0900120502974,1345.0696069219948,1351.5714111328125,12197382,RELIANCE.NS
2024-01-18,1341.4712027363942,1360.92717605878,1341.3222805612156,1357.8995361328125,10279438,RELIANCE.NS
2024-01-19,1365.890429247957,1365.890429247957,1349.015329468004,1357.4031982421875,10422704,RELIANCE.NS
2024-01-23,1361.6716823004633,1361.6716823004633,1312.8332056966303,1318.8138427734375,20055420,RELIANCE.NS
2024-01-24,1325.4149927095905,1339.5851376107455,1314.1980872328543,1334.00146484375,21919128,RELIANCE.NS
2024-01-25,1333.0831783387705,1354.1274927557365,1325.390118278632,1343.1337890625,11808872,RELIANCE.NS
2024-01-29,1354.474931519067,1441.8283899094502,1350.1817560391485,1437.4111328125,23893438,RELIANCE.NS
2024-01-30,1449.2235971647833,1449.2484377227322,1394.1066401470152,1397.2830810546875,14093978,RELIANCE.NS
2024-01-31,1393.6846609266845,1423.7124109217216,1392.1956815880876,1416.1434326171875,15130226,RELIANCE.NS
2024-02-01,1424.4569627393994,1432.745590517861,1407.631543948549,1416.1683349609375,13349362,RELIANCE.NS
2024-02-02,1422.6455164089482,1464.0639387350582,1422.6455164089482,1446.990234375,19652588,RELIANCE.NS
2024-02-05,1450.0177530325548,1459.6961190035063,1421.007495677393,1428.452392578125,8814432,RELIANCE.NS
2024-02-06,1431.256637826339,1431.256637826339,1409.3934322746634,1417.3099365234375,9047984,RELIANCE.NS
2024-02-07,1425.3752031215413,1438.8504181404362,1418.7491963623445,1431.554443359375,9296568,RELIANCE.NS
2024-02-08,1439.3467435794867,1448.752105824393,1417.0368932886952,1439.4708251953125,14694634,RELIANCE.NS
2024-02-09,1443.31729322881,1461.1602045826953,1440.2896534634558,1450.0177001953125,12556798,RELIANCE.NS
2024-02-12,1450.017752117624,1450.2659153474917,1431.7529141646626,1441.679443359375,6674430,RELIANCE.NS
2024-02-13,1444.806250056761,1468.1335924657844,1443.3172707540573,1454.335693359375,7715594,RELIANCE.NS
2024-02-14,1446.7916226083244,1472.749520552248,1446.7916226083244,1470.4912109375,7117888,RELIANCE.NS
2024-02-15,1472.4517353218182,1473.8166331337911,1455.7503978374216,1459.79541015625,10006782,RELIANCE.NS
2024-02-16,1465.6271998466532,1466.1483668657747,1447.8339689108675,1449.843994140625,9767498,RELIANCE.NS
2024-02-19,1451.3082561823699,1468.6300012389227,1442.8458657695369,1463.17041015625,6729828,RELIANCE.NS
2024-02-20,1464.1878968342883,1464.659382736365,1451.0600862084646,1460.21728515625,7117496,RELIANCE.NS
2024-02-21,1463.170510366537,1477.5888193115914,1446.8414171157522,1456.916748046875,12720292,RELIANCE.NS
2024-02-22,1457.36346935178,1474.0399663973683,1447.2880175600008,1470.863525390625,18493728,RELIANCE.NS
2024-02-23,1478.556551746289,1486.5474563697878,1472.4517119404402,1482.6512451171875,14438584,RELIANCE.NS
2024-02-26,1482.5768223248915,1483.5446346905887,1471.607959051116,1476.3974609375,7513106,RELIANCE.NS
2024-02-27,1472.1291493159843,1488.9297276070065,1467.1907251784094,1474.73486328125,10826044,RELIANCE.NS
2024-02-28,1472.1042938560004,1480.3185210789975,1439.5205099276588,1444.930419921875,8647950,RELIANCE.NS
2024-02-29,1454.2365988812116,1468.1088998815815,1443.8385832706604,1450.0675048828125,23628976,RELIANCE.NS
2024-03-01,1452.7475417409498,1488.979373154373,1451.7548888255137,1481.1622314453125,12132926,RELIANCE.NS
2024-03-04,1479.5243736818861,1501.337897909408,1476.2982516112518,1496.3250732421875,10024420,RELIANCE.NS
2024-03-05,1494.712091681268,1496.3251528023525,1475.1320355384912,1489.177978515625,7107668,RELIANCE.NS
2024-03-06,1482.4773919378927,1497.9131926576536,1467.6372798835923,1491.957275390625,7805676,RELIANCE.NS
2024-03-07,1491.9325571368477,1492.056638756749,1464.7091224345347,1468.059326171875,8315726,RELIANCE.NS
2024-03-11,1478.060279979328,1478.060279979328,1452.747629113329,1455.8248291015625,11277130,RELIANCE.NS
2024-03-12,1455.8247263461558,1477.0675227494196,1454.261346490045,1464.5849609375,9432678,RELIANCE.NS
2024-03-13,1468.9029635812572,1472.2034859914554,1417.2850129833478,1421.6527099609375,13522134,RELIANCE.NS
2024-03-14,1429.1223094125826,1437.8825438227764,1415.0266869213976,1420.957763671875,18571102,RELIANCE.NS
2024-03-15,1415.4733954219128,1422.694969713975,1402.5193474045138,1407.80517578125,19223818,RELIANCE.NS
2024-03-18,1409.56727675182,1431.1326391984185,1406.1178317705178,1428.899169921875,9169392,RELIANCE.NS
2024-03-19,1418.252849649116,1427.0378036957165,1406.8373411480031,1414.778564453125,8275764,RELIANCE.NS
2024-03-20,1417.4587350761735,1434.3835163859578,1413.562644941621,1433.1427001953125,8488806,RELIANCE.NS
2024-03-21,1441.8532357214951,1447.1887452733042,1434.060934378195,1440.3145751953125,13006936,RELIANCE.NS
2024-03-22,1439.321893152815,1449.2732629085037,1436.716179238339,1444.3348388671875,19527608,RELIANCE.NS
2024-03-26,1434.3835274360674,1441.7291835759677,1428.4276096750873,1430.983642578125,11415906,RELIANCE.NS
2024-03-27,1437.3613782559069,1488.979328303771,1436.368725370371,1481.8818359375,16326644,RELIANCE.NS
2024-03-28,1481.90676076149,1494.8856495085238,1467.786296896486,1474.933349609375,21854364,RELIANCE.NS
2024-04-01,1481.5095896793896,1482.9985690062601,1471.60790139039,1473.8662109375,5013880,RELIANCE.NS
2024-04-02,1473.0968689675985,1483.0233977342266,1464.1629930776332,1476.025146484375,8910166,RELIANCE.NS
2024-04-03,1471.186101560143,1473.5436523631188,1458.1079713887636,1460.7880859375,7008292,RELIANCE.NS
2024-04-04,1468.8780939901114,1468.8780939901114,1439.3466709144527,1452.1767578125,14490272,RELIANCE.NS
2024-04-05,1450.1417667351745,1459.9938949751336,1445.3025839763254,1449.3724365234375,7442298,RELIANCE.NS
2024-04-08,1452.226356281804,1480.0206375610207,1450.2658910334067,1475.057373046875,8357118,RELIANCE.NS
2024-04-09,1478.060211901015,1478.8543827139295,1451.7549092714805,1452.896484375,7071414,RELIANCE.NS
2024-04-10,1455.5766564963697,1476.0749645358123,1455.5766564963697,1468.7044677734375,9138330,RELIANCE.NS
2024-04-12,1465.0317226594827,1475.5538200544618,1452.3257159957793,1456.370849609375,15551012,RELIANCE.NS
2024-04-15,1450.2658952456557,1471.2356878788278,1435.6986653849476,1454.062744140625,12902062,RELIANCE.NS
2024-04-16,1442.6720371000315,1460.3661473678603,1440.2649265731254,1454.98095703125,9366184,RELIANCE.NS
2024-04-18,1452.7476380801534,1475.0823301585979,1448.628103973215,1453.5665283203125,19005692,RELIANCE.NS
2024-04-19,1446.0720814485837,1463.1705049395248,1432.4231028577299,1459.323974609375,15741778,RELIANCE.NS
2024-04-22,1461.6317610616636,1471.9305352298081,1457.0160218672338,1468.9774169921875,10350362,RELIANCE.NS
2024-04-23,1468.1337674689391,1482.5272357774581,1444.8561033979943,1448.603271484375,14605554,RELIANCE.NS
2024-04-24,1452.7475596039474,1457.7605053579202,1438.8504186169605,1439.5205078125,10462776,RELIANCE.NS
2024-04-25,1431.9018276580116,1457.189636393573,1430.9091747445573,1449.2484130859375,15943926,RELIANCE.NS
2024-04-26,1453.194198141131,1454.236532179651,1439.3467383348082,1441.8780517578125,9413848,RELIANCE.NS
2024-04-29,1439.3467183436048,1457.1152296530197,1439.3467183436048,1454.2613525390625,7247974,RELIANCE.NS
2024-04-30,1457.214576809603,1472.178772035999,1452.1272302795285,1456.221923828125,11474262,RELIANCE.NS
2024-05-02,1461.1850562736174,1466.4708844514234,1453.3679147531318,1455.775146484375,14512646,RELIANCE.NS
2024-05-03,1460.1925152681529,1464.1134460205978,1405.7455242326487,1423.46435546875,17226958,RELIANCE.NS
2024-05-06,1424.9533097670264,1429.4202480421582,1407.5818831415143,1409.095703125,7394208,RELIANCE.NS
2024-05-07,1405.571689953147,1410.311631866643,1381.772860502106,1391.17822265625,14517472,RELIANCE.NS
2024-05-08,1387.2324157830615,1422.42191231512,1387.2324157830615,1408.1278076171875,9439002,RELIANCE.NS
2024-05-09,1402.6185253372132,1413.2895438420787,1379.7875090012217,1383.8822021484375,11009612,RELIANCE.NS
2024-05-10,1386.4879762578594,1399.6406275450738,1377.8766636438304,1397.0845947265625,10505096,RELIANCE.NS
2024-05-13,1389.6149314683873,1396.6379028351905,1373.8317248456565,1392.394287109375,8456620,RELIANCE.NS
2024-05-14,1390.681954289976,1416.5901722719507,1389.7389824487905,1409.6416015625,7188300,RELIANCE.NS
2024-05-15,1410.063563528233,1419.468926315315,1402.6435067088078,1405.86962890625,5046534,RELIANCE.NS
2024-05-16,1408.1278405018506,1417.0120356183081,1387.75361519461,1414.8778076171875,14711774,RELIANCE.NS
2024-05-17,1412.5948920294334,1426.6408349602225,1402.8668442157614,1425.15185546875,10916476,RELIANCE.NS
2024-05-21,1415.1260338425998,1431.231803864575,1415.1260338425998,1425.57373046875,11176128,RELIANCE.NS
2024-05-22,1425.722543020764,1457.9837617014118,1425.722543020764,1449.91845703125,10281604,RELIANCE.NS
2024-05-23,1447.8340020088174,1481.2615172416956,1444.3100355832012,1475.1319580078125,14608260,RELIANCE.NS
2024-05-24,1472.724715385057,1477.5638984586112,1465.2549777906743,1469.37451171875,7094776,RELIANCE.NS
2024-05-27,1469.3497180106694,1473.990419113941,1450.8119965034373,1455.4774169921875,6629010,RELIANCE.NS
2024-05-28,1457.2145743340495,1467.637430621861,1442.0766163922278,1445.501220703125,7820162,RELIANCE.NS
2024-05-29,1435.8724890871501,1447.287997987601,1427.8815843874524,1430.1895751953125,7383556,RELIANCE.NS
2024-05-30,1424.9532474164846,1429.817270893488,1409.6663684202383,1414.3814697265625,13206858,RELIANCE.NS
2024-05-31,1420.7841589242364,1431.653659822201,1411.800601617005,1419.8907470703125,31069832,RELIANCE.NS
2024-06-03,1472.1043222829317,1503.3728901534053,1448.2806515244756,1499.228515625,21527942,RELIANCE.NS
2024-06-04,1487.0437791255476,1487.0437791255476,1349.3131842665355,1387.0091552734375,36709098,RELIANCE.NS
2024-06-05,1411.5524616660985,1420.6352601794422,1373.9308915121778,1410.3116455078125,17464890,RELIANCE.NS
2024-06-06,1424.4569533735907,1433.0929853880773,1410.9072166555904,1421.0819091796875,17855722,RELIANCE.NS
2024-06-07,1418.004611799037,1461.1850112482903,1416.0193060772324,1459.1500244140625,18558696,RELIANCE.NS
2024-06-10,1459.150058153404,1482.3781598703026,1457.2888339961758,1460.5894775390625,9251760,RELIANCE.NS
2024-06-11,1458.20717740815,1462.847878399236,1443.9874724286744,1445.9727783203125,11774902,RELIANCE.NS
2024-06-12,1446.7915758989445,1465.155654220818,1444.4837064170613,1452.57373046875,10081742,RELIANCE.NS
2024-06-13,1461.1851486521073,1461.433311890669,1449.3725542618724,1454.4847412109375,9181160,RELIANCE.NS
2024-06-14,1459.199879544848,1468.8038455887872,1446.518713499826,1466.6944580078125,8157998,RELIANCE.NS
2024-06-18,1476.4224025999808,1476.4720837189377,1460.5399547367645,1470.1439208984375,7196766,RELIANCE.NS
2024-06-19,1476.571240472528,1476.571240472528,1445.3026730272272,1447.9332275390625,8725874,RELIANCE.NS
2024-06-20,1448.2806091505108,1471.9553570393568,1439.4459739347105,1462.87255859375,16113776,RELIANCE.NS
2024-06-21,1462.7982011333013,1463.8652545834836,1429.9909727182371,1443.515869140625,31170360,RELIANCE.NS
2024-06-24,1434.9045699529108,1438.8503408924523,1426.9385064042085,1430.88427734375,8878386,RELIANCE.NS
2024-06-25,1432.3982039886682,1445.2282918111714,1430.4128980926341,1443.46630859375,7045386,RELIANCE.NS
2024-06-26,1435.425808927042,1507.8149506909176,1434.5075565031482,1502.9013671875,22014882,RELIANCE.NS
2024-06-27,1502.6284353235128,1526.2039433921725,1494.935374795845,1519.3050537109375,28383030,RELIANCE.NS
2024-06-28,1519.7764812043604,1569.3842873036351,1519.7764812043604,1553.89892578125,28957336,RELIANCE.NS
2024-07-01,1551.0450507194453,1567.7960689891884,1544.2454023527885,1548.6875,7724306,RELIANCE.NS
2024-07-02,1557.968712393485,1561.939323957406,1545.5605512562322,1553.675537109375,7749246,RELIANCE.NS
2024-07-03,1554.8170660210362,1563.4283787351976,1531.440162014497,1541.019287109375,9049620,RELIANCE.NS
2024-07-04,1545.5606622734106,1555.983518377374,1539.4062623766438,1542.6075439453125,6837176,RELIANCE.NS
2024-07-05,1542.4088769403465,1586.755694667964,1536.6267221432645,1576.9532470703125,12269710,RELIANCE.NS
2024-07-08,1577.325467706802,1596.9800437158895,1570.8980643748457,1589.1380615234375,9500806,RELIANCE.NS
2024-07-09,1585.8623208770043,1588.7410386525216,1568.887979750272,1578.5911865234375,6960002,RELIANCE.NS
2024-07-10,1583.2814308954767,1585.7630632323035,1551.6654591589945,1572.5855712890625,7134578,RELIANCE.NS
2024-07-11,1575.8365135146928,1592.4634499565013,1558.9614138424095,1569.036865234375,11940946,RELIANCE.NS
2024-07-12,1572.8586162043875,1593.3569240772113,1562.9320865975437,1584.9937744140625,12924784,RELIANCE.NS
2024-07-15,1592.6620057625546,1594.0517441522056,1573.8512804915936,1585.4901123046875,5329688,RELIANCE.NS
2024-07-16,1581.792452589091,1588.24469666931,1557.5965372882695,1564.669189453125,9386838,RELIANCE.NS
2024-07-18,1564.4210812674708,1582.1895936713806,1546.3795650620239,1575.0177001953125,12298374,RELIANCE.NS
2024-07-19,1574.3475621142547,1578.293333314245,1541.3915329908289,1543.7242431640625,13140390,RELIANCE.NS
2024-07-22,1525.9557698439748,1526.203933085127,1488.2597977476694,1489.6495361328125,19674376,RELIANCE.NS
2024-07-23,1489.9719903646578,1494.6870915999891,1452.2511804820083,1476.96826171875,18052044,RELIANCE.NS
2024-07-24,1474.0895996286229,1498.4095963901725,1465.552808673545,1484.7109375,11913362,RELIANCE.NS
2024-07-25,1470.1190347480779,1489.4509269223795,1466.2228234080762,1481.435302734375,12519876,RELIANCE.NS
2024-07-26,1481.4352554076795,1501.3131545447015,1479.4002684339398,1497.9381103515625,9859940,RELIANCE.NS
2024-07-29,1500.8414953005092,1516.2772962786503,1500.6678537480493,1508.931640625,7538550,RELIANCE.NS
2024-07-30,1505.8793670988641,1513.7957501477324,1498.9059558839842,1502.0328369140625,8228208,RELIANCE.NS
2024-07-31,1492.9499231376883,1499.3524857083617,1490.1208866802617,1494.364501953125,10057346,RELIANCE.NS
2024-08-01,1500.8913109431162,1506.8472288436842,1493.2479314401046,1504.1671142578125,10764222,RELIANCE.NS
2024-08-02,1493.9426800961044,1498.2358556077295,1482.303848567256,1488.309326171875,10268248,RELIANCE.NS
2024-08-05,1469.126390399314,1472.997761203301,1422.7198642160924,1436.69140625,17046704,RELIANCE.NS
2024-08-06,1444.4588830824964,1466.6446510309138,1440.6619130584993,1445.352294921875,10236186,RELIANCE.NS
2024-08-07,1458.2071184913539,1461.6814036613468,1450.7622216985117,1454.062744140625,8174568,RELIANCE.NS
2024-08-08,1446.8164580997684,1454.2365143735713,1435.3017085687702,1438.4781494140625,12387192,RELIANCE.NS
2024-08-09,1449.2732763644294,1465.6520496932055,1445.3026646483625,1463.46826171875,6249776,RELIANCE.NS
2024-08-12,1459.199797918004,1462.1777566892652,1447.0397996020206,1449.8936767578125,8184584,RELIANCE.NS
2024-08-13,1450.0178268110735,1459.2742672925806,1447.28803114191,1452.8717041015625,6265064,RELIANCE.NS
2024-08-14,1452.7972017764512,1461.1850703208015,1443.0194737625147,1451.109619140625,6267466,RELIANCE.NS
2024-08-16,1457.8598362701878,1469.5235088888628,1447.3377388233519,1467.339599609375,9416902,RELIANCE.NS
2024-08-19,1476.6025720306277,1492.3397678065596,1474.6105280885965,1482.4791259765625,13797742,RELIANCE.NS
2024-08-20,1491.268975771349,1497.9423959482733,1484.0976661921165,1489.9990234375,8411808,RELIANCE.NS
2024-08-21,1487.30978907883,1501.8766102174725,1484.072717714687,1492.7132568359375,7769996,RELIANCE.NS
2024-08-22,1497.0210123494212,1500.5070892244864,1484.720165407205,1492.1654052734375,10445782,RELIANCE.NS
2024-08-23,1497.768063961028,1505.3128818837536,1492.4642955105633,1494.008056640625,9249654,RELIANCE.NS
2024-08-26,1500.9802618699923,1516.941539085057,1497.021098650585,1506.5828857421875,8816114,RELIANCE.NS
2024-08-27,1504.4912711730515,1507.4544123852302,1493.485179145279,1494.481201171875,6251156,RELIANCE.NS
2024-08-28,1499.0131426615155,1501.4782728482842,1487.0608784010915,1492.33984375,9610286,RELIANCE.NS
2024-08-29,1497.1205913811584,1530.885760314005,1488.0568158159556,1514.874755859375,38335358,RELIANCE.NS
2024-08-30,1527.89778785993,1533.599989641746,1497.3447635789732,1503.6197509765625,41620730,RELIANCE.NS
2024-09-02,1504.8647654458696,1520.7264647058682,1500.6316718721823,1510.2183837890625,11240852,RELIANCE.NS
2024-09-03,1515.1984708784905,1516.941509382377,1501.5031683479538,1503.1217041015625,10923800,RELIANCE.NS
2024-09-04,1494.7301447200666,1511.4633627071519,1493.534966971581,1508.525146484375,11983304,RELIANCE.NS
2024-09-05,1513.0072347057646,1519.7054581926027,1481.1345314015284,1487.035888671875,16264168,RELIANCE.NS
2024-09-06,1486.5627588054047,1491.0448575756723,1455.8105811316245,1458.997802734375,19394228,RELIANCE.NS
2024-09-09,1460.666261949736,1464.07768593117,1449.809597840599,1456.63232421875,9010298,RELIANCE.NS
2024-09-10,1454.6901127162012,1466.1942153054945,1451.7766997689328,1455.7110595703125,10768260,RELIANCE.NS
2024-09-11,1457.2300550346945,1462.9073318760024,1441.7917138302157,1445.7259521484375,9760202,RELIANCE.NS
2024-09-12,1451.2039809867947,1480.088617533546,1440.1232367942907,1473.913330078125,22349376,RELIANCE.NS
2024-09-13,1470.5268529366479,1477.2500011980833,1463.6542770635715,1466.766845703125,8711328,RELIANCE.NS
2024-09-16,1471.6723576050656,1475.0090069946318,1458.9232273463058,1465.4969482421875,5481774,RELIANCE.NS
2024-09-17,1468.1364260685732,1471.5975781970765,1460.790763828237,1466.4432373046875,5935328,RELIANCE.NS
2024-09-18,1464.1522884024148,1476.10455198121,1454.7399294679985,1457.6282958984375,8574714,RELIANCE.NS
2024-09-19,1460.4171894563083,1470.6264144806405,1449.7598031867433,1463.82861328125,16955902,RELIANCE.NS
2024-09-20,1468.136427109257,1489.0528890965668,1465.5218693608433,1480.0140380859375,30897320,RELIANCE.NS
2024-09-23,1485.0687739665293,1495.5270047691104,1483.026880271187,1487.434326171875,8832314,RELIANCE.NS
2024-09-24,1482.5786761041754,1494.530939532627,1481.9561623839436,1483.4501953125,17137444,RELIANCE.NS
2024-09-25,1477.9970102640052,1490.5468626388433,1474.3116560624171,1488.0069580078125,7069002,RELIANCE.NS
2024-09-26,1484.7202013028073,1498.017070530802,1482.1305684499498,1491.9910888671875,18818998,RELIANCE.NS
2024-09-27,1493.0369361114394,1527.3747692811157,1486.0647823070499,1520.1038818359375,20597478,RELIANCE.NS
2024-09-30,1513.3558880158446,1518.9086621673466,1468.5348969230117,1470.701171875,27008814,RELIANCE.NS
2024-10-01,1474.7599230273088,1482.0308103038055,1457.0057588364782,1458.997802734375,16431642,RELIANCE.NS
2024-10-03,1430.8602791168494,1443.634334423912,1396.4975195620746,1401.3780517578125,37757294,RELIANCE.NS
2024-10-04,1398.34020617394,1411.711728297617,1376.2782950115372,1381.0093994140625,37072876,RELIANCE.NS
2024-10-07,1387.9566419173104,1390.9447078848398,1355.9594355150189,1365.272216796875,22181340,RELIANCE.NS
2024-10-08,1367.513224520688,1395.4267642320656,1359.669551595401,1391.791259765625,17020808,RELIANCE.NS
2024-10-09,1391.9656892391695,1395.4019165531051,1367.0402140253339,1369.1318359375,14310610,RELIANCE.NS
2024-10-10,1374.5352199766685,1380.4864268287754,1363.9774115920343,1365.595947265625,22358646,RELIANCE.NS
2024-10-11,1364.5501018082973,1377.7723178051706,1363.3797273571677,1366.6417236328125,7980122,RELIANCE.NS
2024-10-14,1373.962442591221,1374.5849563155427,1362.8070452852592,1367.0650634765625,12221432,RELIANCE.NS
2024-10-15,1353.1207855156183,1366.243302159234,1335.3666207605413,1338.678466796875,33762794,RELIANCE.NS
2024-10-16,1334.6695151768993,1358.5740438069333,1332.3039628645522,1348.6884765625,20034438,RELIANCE.NS
2024-10-17,1360.2671814831224,1363.0062419523483,1346.6715786036464,1351.0291748046875,15543660,RELIANCE.NS
2024-10-18,1346.796043723323,1362.9814005892638,1335.9891081789099,1353.8927001953125,12082452,RELIANCE.NS
2024-10-21,1361.686598848784,1368.5342502099143,1352.3239675798945,1363.7532958984375,14067408,RELIANCE.NS
2024-10-22,1363.7532474009167,1370.5262455038624,1334.8935348257999,1338.006103515625,15831960,RELIANCE.NS
2024-10-23,1332.1793705575924,1352.0748848775756,1329.689315659354,1333.2003173828125,17214742,RELIANCE.NS
2024-10-24,1329.9633130042932,1338.3547254831988,1317.8616212723593,1334.4703369140625,22155934,RELIANCE.NS
2024-10-25,1338.1555171764887,1339.002111534351,1316.7410448137834,1322.5677490234375,18597496,RELIANCE.NS
2024-10-28,1331.6813526124565,1347.6177038778262,1316.8406011796387,1329.0418701171875,10824350,RELIANCE.NS
2024-10-29,1322.8167478889227,1337.856655249044,1315.0478495098762,1334.66943359375,12008361,RELIANCE.NS
2024-10-30,1329.6893351932274,1344.62966480214,1320.0776988278842,1338.553955078125,11984423,RELIANCE.NS
2024-10-31,1334.6694245700712,1337.6574904459744,1320.8745447599274,1326.7510986328125,9331650,RELIANCE.NS
2024-11-01,1327.7471304089104,1336.6116286385318,1327.6972806767253,1333.3248291015625,2127335,RELIANCE.NS
2024-11-04,1332.5280301195805,1334.6695017714562,1279.9878687625326,1296.9700927734375,19796890,RELIANCE.NS
2024-11-05,1287.8564249120313,1304.3406373759979,1281.0336986406933,1300.1075439453125,16267479,RELIANCE.NS
2024-11-06,1304.7888451117578,1323.0160966964434,1295.0277806900112,1320.0777587890625,21625209,RELIANCE.NS
2024-11-07,1318.7331565363688,1318.7331565363688,1297.4182609581876,1300.4561767578125,9611974,RELIANCE.NS
2024-11-08,1292.4879180085577,1296.4720058402277,1269.9279963447846,1278.6431884765625,19814406,RELIANCE.NS
2024-11-11,1273.8622221377802,1280.884225507143,1261.9598084895413,1267.6370849609375,9056552,RELIANCE.NS
2024-11-12,1270.4759075040322,1284.1712099692156,1262.4578817905294,1269.1810302734375,10671091,RELIANCE.NS
2024-11-13,1265.196886863478,1270.3761523895544,1244.5294313213271,1247.0693359375,14633633,RELIANCE.NS
2024-11-14,1248.613186761178,1267.537605244334,1246.1231316976048,1262.5574951171875,12612633,RELIANCE.NS
2024-11-18,1262.55746761959,1267.8364328732807,1238.951794764919,1255.7347412109375,13620611,RELIANCE.NS
2024-11-19,1255.734688515481,1276.4021442257297,1230.236550606767,1236.710693359375,14183746,RELIANCE.NS
2024-11-21,1236.7107220331202,1239.0014996478671,1212.407761281373,1218.1348876953125,19433843,RELIANCE.NS
2024-11-22,1224.509420421979,1263.8024380613526,1217.586994857739,1260.3662109375,20471957,RELIANCE.NS
2024-11-25,1284.868314871977,1299.260783408558,1277.3483005192684,1281.8802490234375,28923341,RELIANCE.NS
2024-11-26,1289.7986377983043,1292.687125909721,1279.0914013187908,1290.545654296875,9247557,RELIANCE.NS
2024-11-27,1288.3543972122054,1298.6632001168684,1280.8842325588682,1288.0555419921875,9572746,RELIANCE.NS
2024-11-28,1284.818474176107,1291.442044503892,1264.0017125526565,1265.7447509765625,15027412,RELIANCE.NS
2024-11-29,1274.9081506356404,1294.3305794929802,1270.177046170391,1287.0595703125,13202307,RELIANCE.NS
2024-12-02,1282.876370557777,1306.133460567327,1271.9699779978703,1303.9422607421875,11024152,RELIANCE.NS
2024-12-03,1311.7609017834461,1321.5219654799555,1301.8006823317874,1318.035888671875,16869482,RELIANCE.NS
2024-12-04,1320.7251432865569,1323.1156203515295,1298.8625094957517,1303.742919921875,19608540,RELIANCE.NS
2024-12-05,1309.1214514378748,1324.6593698468237,1300.9541199209712,1316.7908935546875,16858723,RELIANCE.NS
2024-12-06,1318.6334884089777,1318.6334884089777,1304.7887589399247,1306.3326416015625,9037514,RELIANCE.NS
2024-12-09,1297.8166732313093,1309.7689372979064,1287.9560310594236,1289.9979248046875,14650002,RELIANCE.NS
2024-12-10,1284.121290398709,1289.7488386952925,1275.107243177966,1279.73876953125,16043729,RELIANCE.NS
2024-12-11,1279.8882324099652,1284.8683422637005,1270.9738844056644,1273.115234375,11724373,RELIANCE.NS
2024-12-12,1264.9479526569407,1273.1152845047754,1255.5853214463157,1257.876220703125,20906813,RELIANCE.NS
2024-12-13,1254.9877622795104,1270.1272485556606,1234.6688884780408,1267.78662109375,28630222,RELIANCE.NS
2024-12-16,1269.9280595585296,1275.904191603511,1261.511722229068,1263.2547607421875,9486781,RELIANCE.NS
2024-12-17,1256.033537225462,1258.8721754853295,1237.8561365143116,1240.34619140625,17462791,RELIANCE.NS
2024-12-18,1235.714673937889,1254.9378248920182,1235.714673937889,1248.2645263671875,12670179,RELIANCE.NS
2024-12-19,1234.0712121990753,1239.947766097918,1224.1109925687356,1225.55517578125,14244653,RELIANCE.NS
2024-12-20,1219.1309339507777,1234.5692750261348,1196.7204388413884,1200.50537109375,20312896,RELIANCE.NS
2024-12-23,1210.1667348774333,1222.3181546925216,1208.3738466363206,1217.437744140625,10052824,RELIANCE.NS
2024-12-24,1217.4377030050357,1228.6429501715868,1216.1428258096823,1217.8858642578125,6734917,RELIANCE.NS
2024-12-26,1219.3798917928577,1222.8161189414398,1209.4196721335327,1211.7105712890625,10016178,RELIANCE.NS
2024-12-27,1213.4536884394554,1223.0154756156849,1212.1588111658666,1216.1927490234375,7000397,RELIANCE.NS
2024-12-30,1211.5611874241417,1218.3340640862093,1203.294156174512,1205.8837890625,8818766,RELIANCE.NS
2024-12-31,1203.1945530395503,1214.2503727116298,1201.3519366916562,1210.6148681640625,6405475,RELIANCE.NS
2025-01-01,1210.0172807004092,1221.4218053468785,1206.7802092584152,1216.391845703125,5892590,RELIANCE.NS
2025-01-02,1216.3918076943417,1239.4994683243335,1215.1467802555553,1236.860107421875,15486276,RELIANCE.NS
2025-01-03,1238.9518139936486,1257.0296379589822,1230.5852047154665,1246.1729736328125,15521102,RELIANCE.NS
2025-01-06,1248.961727102304,1256.9797527645217,1210.1667191829588,1213.15478515625,14816766,RELIANCE.NS
2025-01-07,1217.1388288273843,1239.5493228115217,1216.3918123612464,1235.913818359375,10070505,RELIANCE.NS
2025-01-08,1244.0314575822304,1265.9937909556584,1240.395953024955,1260.4658203125,19346579,RELIANCE.NS
2025-01-09,1261.9598138402198,1264.6988742096441,1243.0852464738894,1249.758544921875,12794704,RELIANCE.NS
2025-01-10,1248.8621307808614,1251.750618829338,1231.0831628192257,1236.959716796875,8120332,RELIANCE.NS
2025-01-13,1225.1070543419412,1240.2963897717905,1221.5213994754447,1234.9178466796875,13764861,RELIANCE.NS
2025-01-14,1239.1509590647415,1248.3641626627486,1222.3680125031533,1233.822265625,13095266,RELIANCE.NS
2025-01-15,1239.9974688456068,1251.9995818882041,1236.90982514039,1247.2186279296875,9578856,RELIANCE.NS
2025-01-16,1253.8920943102864,1269.9280238633037,1246.3223515830243,1261.4119873046875,14117603,RELIANCE.NS
2025-01-17,1316.9900509904955,1320.7251333812799,1279.888232575373,1297.169189453125,29366277,RELIANCE.NS
2025-01-20,1310.764916385877,1310.764916385877,1295.0775703121099,1300.2568359375,14040244,RELIANCE.NS
2025-01-21,1305.2868371165837,1307.776892128252,1265.1471016946018,1268.6331787109375,14562976,RELIANCE.NS
2025-01-22,1273.2149526536994,1277.7966294698952,1263.6530443254642,1272.0196533203125,10273590,RELIANCE.NS
2025-01-23,1264.9478840486133,1272.2686211078578,1256.581275301743,1258.6231689453125,8720682,RELIANCE.NS
2025-01-24,1260.9638702056575,1267.9360243063209,1238.5533748820974,1241.34228515625,14235970,RELIANCE.NS
2025-01-27,1234.1708090151494,1235.515414368934,1215.1468135462453,1224.4595947265625,9536019,RELIANCE.NS
2025-01-28,1233.0752790316255,1239.7984277662488,1213.6528493538253,1229.4896240234375,10568025,RELIANCE.NS
2025-01-29,1231.0832160878692,1237.8063647194172,1223.1648896668228,1230.585205078125,5928156,RELIANCE.NS
2025-01-30,1230.635044492625,1251.9996679975989,1227.497550840604,1248.0654296875,9269259,RELIANCE.NS
2025-01-31,1250.8541794958078,1261.9598488917904,1244.0314532484974,1260.0673828125,6584612,RELIANCE.NS
2025-02-01,1260.0673469134033,1265.495739501575,1236.0632421918099,1259.5693359375,7118453,RELIANCE.NS
2025-02-03,1246.0235355947286,1251.003645649064,1232.6270881824535,1240.94384765625,9252345,RELIANCE.NS
2025-02-04,1243.0852829885687,1283.6731787459128,1241.6409781641657,1280.08740234375,16691069,RELIANCE.NS
2025-02-05,1277.5476050956522,1285.366353249074,1271.6212014188793,1273.115234375,10112028,RELIANCE.NS
2025-02-06,1268.6331564996678,1282.8763195509282,1265.2965071593937,1276.4520263671875,9956001,RELIANCE.NS
2025-02-07,1271.073491533156,1278.5933846345008,1256.979756005846,1261.6610107421875,8764283,RELIANCE.NS
2025-02-10,1259.469777897567,1261.461821832557,1240.5952102474196,1248.6629638671875,6970972,RELIANCE.NS
2025-02-11,1259.5196705337273,1259.5196705337273,1225.2066396338644,1229.937744140625,8859714,RELIANCE.NS
2025-02-12,1214.5989377224967,1222.0193743195214,1188.6027887286011,1211.7105712890625,21131654,RELIANCE.NS
2025-02-13,1212.2086229517822,1223.1150152108587,1207.1786632211406,1211.2623291015625,8511216,RELIANCE.NS
2025-02-14,1214.1507532507958,1219.1308629852126,1200.6546072366423,1212.40771484375,10298145,RELIANCE.NS
2025-02-17,1206.2821918357026,1222.6169765728448,1199.7084711054922,1220.02734375,8166683,RELIANCE.NS
2025-02-18,1219.9775298877432,1225.0074896525716,1211.2623373341316,1220.525390625,6673250,RELIANCE.NS
2025-02-19,1214.6488125132394,1227.8461038341088,1212.706618273488,1222.567138671875,6217338,RELIANCE.NS
2025-02-20,1219.0810452834291,1234.4198079853766,1217.1388510698625,1228.0950927734375,7795582,RELIANCE.NS
2025-02-21,1223.8121434284387,1235.0672403005465,1217.2882724889691,1223.264404296875,6904025,RELIANCE.NS
2025-02-24,1211.7105497558396,1218.3838481751116,1205.68456833515,1209.718505859375,7172498,RELIANCE.NS
2025-02-25,1206.1826029932777,1216.1428226711741,1196.7203942992758,1199.21044921875,11552182,RELIANCE.NS
2025-02-27,1207.975493883109,1210.166693583284,1195.8738026303336,1202.298095703125,11509215,RELIANCE.NS
2025-02-28,1197.218393771922,1212.5073065135477,1188.5530513693543,1195.325927734375,23007298,RELIANCE.NS
2025-03-03,1199.2104168056296,1201.6506219268736,1151.4013636439433,1166.5906982421875,17944938,RELIANCE.NS
2025-03-04,1157.576687742468,1169.3297956512124,1154.9373267832577,1157.2779541015625,11377373,RELIANCE.NS
2025-03-05,1156.3815647449799,1178.2940491759787,1152.3974766666165,1170.9234619140625,8664095,RELIANCE.NS
2025-03-06,1192.2383549047067,1209.1208794668382,1180.4355183146993,1204.7882080078125,14468014,RELIANCE.NS
2025-03-07,1211.1627762331514,1249.8084792402678,1207.178688153437,1244.828369140625,16474965,RELIANCE.NS
2025-03-10,1240.0473535020744,1252.9956391209716,1230.4855669004469,1233.4736328125,11931051,RELIANCE.NS
2025-03-11,1235.0672477916657,1244.5294565449083,1224.858022557904,1242.3382568359375,10089838,RELIANCE.NS
2025-03-12,1252.995610693361,1257.9757204337955,1239.0513034201438,1252.0494384765625,11977555,RELIANCE.NS
2025-03-13,1255.0376050433522,1259.1212710412995,1238.901975238559,1242.9359130859375,9505270,RELIANCE.NS
2025-03-17,1237.208673957254,1252.3980085038181,1228.1946267891797,1233.9217529296875,16640917,RELIANCE.NS
2025-03-18,1233.9217529296875,1233.9217529296875,1233.9217529296875,1233.9217529296875,0,RELIANCE.NS
2025-03-19,1236.113132982547,1248.2645525643281,1233.8720835165427,1242.1888427734375,16162399,RELIANCE.NS
2025-03-20,1246.8700894970418,1267.9359786597456,1245.0773228865291,1264.101318359375,15971477,RELIANCE.NS
2025-03-21,1269.927977701306,1275.9041093610767,1265.0474458622177,1271.2725830078125,21780769,RELIANCE.NS
2025-03-24,1285.86434660882,1300.8046759652354,1279.141198398433,1296.920166015625,20299319,RELIANCE.NS
2025-03-25,1302.497915186312,1302.497915186312,1277.4977874103538,1280.33642578125,13713899,RELIANCE.NS
2025-03-26,1285.8643858858131,1288.6532960847499,1263.7028966635362,1267.98583984375,12074747,RELIANCE.NS
2025-03-27,1273.0655062272906,1279.8882324099652,1266.242780044616,1273.115234375,15028056,RELIANCE.NS
2025-03-28,1274.9081198538831,1290.5954658598978,1263.9518781988888,1270.027587890625,18147129,RELIANCE.NS
2025-04-01,1259.5693287834792,1272.8164693011493,1244.330265958221,1247.6170654296875,12099648,RELIANCE.NS
2025-04-02,1242.5873186806543,1250.5554948342144,1238.9518139936486,1246.1729736328125,10142590,RELIANCE.NS
2025-04-03,1228.145018441354,1246.8204315907722,1228.145018441354,1243.732666015625,7434366,RELIANCE.NS
2025-04-04,1236.1628160172713,1240.4954871764826,1188.4036122186155,1199.9075927734375,17908652,RELIANCE.NS
2025-04-07,1127.6960086529814,1166.590714623955,1110.415052053189,1161.062744140625,22156106,RELIANCE.NS
2025-04-08,1167.3378163352843,1191.8399338970503,1158.6724733291408,1177.4971923828125,19555040,RELIANCE.NS
2025-04-09,1164.8477193030515,1185.0670143686195,1163.3536863154889,1180.6346435546875,10223104,RELIANCE.NS
2025-04-11,1190.3957018139643,1217.786306450343,1190.3957018139643,1214.1009521484375,11224242,RELIANCE.NS
2025-04-15,1246.0235343416643,1246.0235343416643,1232.1788040875913,1235.1668701171875,13378535,RELIANCE.NS
2025-04-16,1229.1907298200806,1235.9637280756608,1224.1110419207541,1234.3701171875,8248464,RELIANCE.NS
2025-04-17,1235.266450081142,1275.1073305428426,1222.7165970526498,1269.4300537109375,15398401,RELIANCE.NS
2025-04-21,1264.947875835223,1295.7249783909904,1261.9598099867933,1290.346435546875,10429964,RELIANCE.NS
2025-04-22,1294.8286411452223,1298.713151385602,1281.1831879455033,1286.0635986328125,13051707,RELIANCE.NS
2025-04-23,1291.840547250601,1300.8047453425481,1280.286716249035,1294.82861328125,10480888,RELIANCE.NS
2025-04-24,1287.2588872304611,1299.3107293954529,1285.1672652984741,1296.4222412109375,10468940,RELIANCE.NS
2025-04-25,1298.3146947064158,1319.928323767296,1282.9759313802824,1295.22705078125,14431012,RELIANCE.NS
2025-04-28,1334.669497851195,1369.1318351951852,1314.9482133535364,1363.35498046875,31104496,RELIANCE.NS
2025-04-29,1365.5461749701867,1405.2874774645995,1364.5501529607263,1394.1319580078125,32538970,RELIANCE.NS
2025-04-30,1396.4228227174156,1406.7814756764847,1363.5540972183608,1399.410888671875,25480745,RELIANCE.NS
2025-05-02,1408.3751233126775,1421.024554216323,1403.4945911426703,1414.152099609375,13007841,RELIANCE.NS
2025-05-05,1425.3074680112338,1433.773654928142,1421.2238021682567,1425.6063232421875,12685649,RELIANCE.NS
2025-05-06,1425.3074785225756,1426.3035005201455,1404.9886054552057,1415.2476806640625,14084117,RELIANCE.NS
2025-05-07,1415.2476117092147,1418.733688530858,1397.1199392858432,1400.4068603515625,13440169,RELIANCE.NS
2025-05-08,1398.51446598441,1415.1481063364454,1392.438756100913,1401.4029541015625,16106175,RELIANCE.NS
2025-05-09,1379.9884666950659,1389.251519832932,1369.032224808638,1371.721435546875,13668904,RELIANCE.NS
2025-05-12,1394.430721507353,1433.275577320772,1394.430721507353,1430.7855224609375,10674081,RELIANCE.NS
2025-05-13,1427.7974767909468,1441.9409399606418,1406.7814377941193,1410.0682373046875,11407896,RELIANCE.NS
2025-05-14,1414.3512435205853,1424.2118856620737,1409.8691445094285,1418.7337646484375,5570160,RELIANCE.NS
2025-05-15,1419.3313670179805,1455.5865925696291,1407.0802476372012,1448.4151611328125,20177211,RELIANCE.NS
2025-05-16,1447.4191020051853,1455.1881221330052,1441.542669553187,1450.6064453125,9036695,RELIANCE.NS
2025-05-19,1446.3234565863577,1448.81351147394,1432.4787270944578,1435.0684814453125,6195791,RELIANCE.NS
2025-05-20,1432.4787356808251,1439.2517336495314,1416.1440727881434,1418.932861328125,11270560,RELIANCE.NS
2025-05-21,1418.235682967954,1430.486680037078,1412.458707007589,1423.5145263671875,6136364,RELIANCE.NS
2025-05-22,1415.5464438973825,1418.1361984129633,1391.3431818014155,1403.79345703125,12134466,RELIANCE.NS
2025-05-23,1401.0045498118507,1428.0964217220903,1401.0045498118507,1421.124267578125,6474883,RELIANCE.NS
2025-05-26,1426.3034970063507,1435.2676949623963,1419.430920923106,1429.0924072265625,4842944,RELIANCE.NS
2025-05-27,1420.4269591196573,1431.2836233071982,1408.275539274527,1416.44287109375,12640414,RELIANCE.NS
2025-05-28,1414.4508509493858,1416.9409060075968,1405.0882196135674,1407.279541015625,5944611,RELIANCE.NS
2025-05-29,1406.4826358531975,1414.3512339364067,1402.996558868143,1412.1600341796875,13771917,RELIANCE.NS
2025-05-30,1412.3591925541664,1424.9090454066043,1404.0921613404494,1415.2476806640625,13788484,RELIANCE.NS
2025-06-02,1406.4826830156508,1411.8612262898896,1390.0483195350275,1408.0762939453125,8098668,RELIANCE.NS
2025-06-03,1416.6421539546416,1420.8253977642241,1397.8173136420837,1399.908935546875,11252626,RELIANCE.NS
2025-06-04,1409.0722382665938,1420.0284799827916,1400.506473605418,1417.8372802734375,8126827,RELIANCE.NS
2025-06-05,1422.3193687346825,1448.913106617055,1417.9368477633755,1436.662109375,13716817,RELIANCE.NS
2025-06-06,1435.2676355449807,1445.7258660607492,1431.28354772945,1437.7576904296875,8182161,RELIANCE.NS
2025-06-09,1451.204075048637,1451.70208605586,1439.5506661134996,1443.0367431640625,7885125,RELIANCE.NS
2025-06-10,1444.2318404180787,1448.1163503747662,1430.2875329933524,1432.777587890625,7913181,RELIANCE.NS
2025-06-11,1440.0485867347081,1462.7578142878924,1437.3592545136698,1443.13623046875,8195700,RELIANCE.NS
2025-06-12,1447.7179200254843,1451.2039968882907,1428.6939248911115,1435.865234375,8828114,RELIANCE.NS
2025-06-13,1418.335338487147,1429.7895915718395,1408.6739736495979,1422.2198486328125,9757276,RELIANCE.NS
2025-06-16,1421.223780491138,1436.6621211041454,1418.7337255535563,1432.0804443359375,8458093,RELIANCE.NS
2025-06-17,1442.2398094911548,1442.2398094911548,1420.12817043809,1425.506591796875,10366599,RELIANCE.NS
2025-06-18,1424.3114328610282,1437.0605628519918,1420.028489708749,1424.4110107421875,6681735,RELIANCE.NS
2025-06-19,1424.4110453044384,1434.1721095891817,1420.0285241646616,1427.598388671875,10007230,RELIANCE.NS
2025-06-20,1425.3075053013417,1465.148385952672,1422.4190171371765,1460.367431640625,29010635,RELIANCE.NS
2025-06-23,1447.2199506188397,1457.9770367383994,1436.2637087352834,1451.0048828125,5989078,RELIANCE.NS
2025-06-24,1459.1721495093714,1469.1323689599471,1437.359244595668,1445.0286865234375,16402744,RELIANCE.NS
2025-06-25,1458.1762135192969,1466.5428226679085,1454.690136506102,1461.463134765625,7525851,RELIANCE.NS
2025-06-26,1463.2558362824063,1492.8377614283193,1459.2717484446844,1489.3516845703125,14657893,RELIANCE.NS
2025-06-27,1493.4353527246628,1515.9454247275912,1490.9452978220222,1509.3717041015625,11117052,RELIANCE.NS
2025-06-30,1507.7781788170053,1518.734421010171,1490.0489382705405,1494.630615234375,8409527,RELIANCE.NS
2025-07-01,1494.630607775488,1525.3081343971446,1494.132596769193,1522.320068359375,10368523,RELIANCE.NS
2025-07-02,1522.3200879079554,1523.9136988316197,1502.6983810571346,1512.75830078125,6361002,RELIANCE.NS
2025-07-03,1514.7502729656235,1525.8060926058627,1506.9812529023668,1511.76220703125,11283291,RELIANCE.NS
2025-07-04,1517.9375659885409,1523.913698138102,1511.1645675851503,1521.2244873046875,6603501,RELIANCE.NS
2025-07-07,1520.5271677380254,1538.65484117058,1518.933556847784,1535.367919921875,7251074,RELIANCE.NS
2025-07-08,1529.8897875590692,1538.7544076502807,1524.1128113419518,1531.4833984375,7171261,RELIANCE.NS
2025-07-09,1530.586937987722,1544.8301010282516,1504.0927774643353,1512.9573974609375,8870660,RELIANCE.NS
2025-07-10,1513.654605815878,1518.6347158851345,1501.5031858807802,1511.16455078125,10047129,RELIANCE.NS
2025-07-11,1505.9852937598653,1508.9733598189127,1484.3716645666439,1489.2520751953125,7234991,RELIANCE.NS
2025-07-14,1486.263916129696,1494.0329360309418,1473.2160528053016,1477.7977294921875,10311846,RELIANCE.NS
2025-07-15,1480.2878335086834,1490.5469086437597,1476.503022895967,1479.4910888671875,8132454,RELIANCE.NS
2025-07-16,1467.1403332858122,1485.068728397248,1465.6463003598592,1479.690185546875,10409983,RELIANCE.NS
2025-07-17,1481.4830970988435,1483.674296790977,1468.0368005528198,1470.52685546875,11854613,RELIANCE.NS
2025-07-18,1478.8934598804974,1478.8934598804974,1463.2558421043927,1470.12841796875,10296318,RELIANCE.NS
2025-07-21,1459.1722169809668,1470.128458883213,1417.4388712363768,1422.9169921875,22442744,RELIANCE.NS
2025-07-22,1421.721828538219,1426.2039275426996,1405.0881881707605,1407.179931640625,20396320,RELIANCE.NS
2025-07-23,1420.3273163904719,1420.3273163904719,1408.7734859597779,1418.932861328125,8354596,RELIANCE.NS
2025-07-24,1413.554298653669,1417.3392306864348,1390.4466381154343,1397.3192138671875,14740507,RELIANCE.NS
2025-07-25,1393.3351272649268,1395.4267490386208,1378.593953801798,1386.1636962890625,11854722,RELIANCE.NS
2025-07-28,1386.7614543919697,1402.199795115413,1379.490445288333,1382.080078125,7748361,RELIANCE.NS
2025-07-29,1377.4984422704579,1414.550412474214,1377.4984422704579,1411.4627685546875,10750072,RELIANCE.NS
2025-07-30,1412.458776601272,1417.6381639620695,1395.7256799199,1404.4906005859375,7209849,RELIANCE.NS
2025-07-31,1382.5780559389787,1397.0203743336986,1376.7015020683227,1384.669677734375,17065827,RELIANCE.NS
2025-08-01,1381.3828853186424,1400.3073026227253,1378.7932525308158,1388.15576171875,10321171,RELIANCE.NS
2025-08-04,1389.5502251510159,1410.466686507784,1386.1637261382157,1405.885009765625,6312820,RELIANCE.NS
2025-08-05,1405.38696851784,1405.38696851784,1382.5780415934858,1386.1636962890625,9315972,RELIANCE.NS
2025-08-06,1386.3630773472378,1390.3471654369864,1377.797312271222,1387.259521484375,5834312,RELIANCE.NS
2025-08-07,1382.1796145349972,1388.1557462486337,1360.5659868045632,1383.8729248046875,9976705,RELIANCE.NS
2025-08-08,1379.4904158119157,1391.6418351007062,1359.569976594415,1362.35888671875,8793606,RELIANCE.NS
2025-08-11,1364.5501609316866,1382.4785572067015,1355.7851185633474,1380.6856689453125,9997486,RELIANCE.NS
2025-08-12,1376.4028464986861,1396.3232867936674,1369.7294260490362,1374.9088134765625,12244664,RELIANCE.NS
2025-08-13,1382.4785186353236,1386.2634508216695,1372.0202877666845,1377.0999755859375,7457021,RELIANCE.NS
2025-08-14,1377.300048828125,1380.699951171875,1370.0999755859375,1373.800048828125,7126128,RELIANCE.NS
2025-08-18,1390.0,1394.9000244140625,1377.0,1381.699951171875,11785109,RELIANCE.NS
2025-08-19,1390.0,1421.0,1389.0999755859375,1420.0999755859375,14384719,RELIANCE.NS
2025-08-20,1413.0,1424.9000244140625,1410.0,1413.0,8725641,RELIANCE.NS
2025-08-21,1425.0,1431.9000244140625,1420.300048828125,1424.800048828125,11021323,RELIANCE.NS
2025-08-22,1420.0,1423.4000244140625,1407.9000244140625,1409.199951171875,5818868,RELIANCE.NS
2025-08-25,1414.699951171875,1419.5,1405.699951171875,1412.5999755859375,5979407,RELIANCE.NS
2025-08-26,1408.0,1410.0,1381.5999755859375,1384.9000244140625,12145259,RELIANCE.NS
2025-08-28,1389.9000244140625,1392.199951171875,1366.5,1385.9000244140625,13161813,RELIANCE.NS
2025-08-29,1381.0999755859375,1403.5,1350.0,1357.199951171875,18758842,RELIANCE.NS
2025-09-01,1356.0,1363.199951171875,1340.5999755859375,1353.9000244140625,11232238,RELIANCE.NS
2025-09-02,1354.800048828125,1384.5,1354.5,1366.5,11517006,RELIANCE.NS
2025-09-03,1369.699951171875,1376.5,1360.5,1372.5999755859375,7847563,RELIANCE.NS
2025-09-04,1371.800048828125,1374.0,1357.0999755859375,1359.300048828125,13223177,RELIANCE.NS
2025-09-05,1363.0,1381.0,1359.300048828125,1375.0,5777575,RELIANCE.NS
2025-09-08,1380.0,1386.0,1372.4000244140625,1378.5,6986720,RELIANCE.NS
2025-09-09,1376.5999755859375,1381.199951171875,1368.699951171875,1376.199951171875,9754452,RELIANCE.NS
2025-09-10,1383.9000244140625,1388.5,1374.0999755859375,1377.0,7790815,RELIANCE.NS
2025-09-11,1376.0,1385.5,1375.0,1383.300048828125,9766072,RELIANCE.NS
2025-09-12,1383.300048828125,1396.300048828125,1380.5,1395.0,7403368,RELIANCE.NS
2025-09-15,1393.0,1400.800048828125,1388.5999755859375,1399.300048828125,5396697,RELIANCE.NS
2025-09-16,1404.699951171875,1408.0,1398.199951171875,1405.300048828125,8686961,RELIANCE.NS
2025-09-17,1407.0,1416.199951171875,1406.9000244140625,1413.800048828125,7519417,RELIANCE.NS
2025-09-18,1420.4000244140625,1422.0,1410.699951171875,1415.0,9332642,RELIANCE.NS
2025-09-19,1414.9000244140625,1417.0,1403.5999755859375,1407.4000244140625,13461373,RELIANCE.NS
2025-09-22,1403.9000244140625,1410.699951171875,1388.0,1390.5999755859375,7757970,RELIANCE.NS
2025-09-23,1391.0,1395.0,1376.800048828125,1389.800048828125,14014702,RELIANCE.NS
2025-09-24,1385.300048828125,1396.0,1380.4000244140625,1383.0,5922759,RELIANCE.NS
2025-09-25,1381.300048828125,1384.5,1369.0,1372.4000244140625,11411143,RELIANCE.NS
2025-09-26,1372.0,1382.699951171875,1366.0,1377.5999755859375,9879109,RELIANCE.NS
2025-09-29,1381.5999755859375,1389.0,1368.0,1372.800048828125,14231999,RELIANCE.NS
2025-09-30,1377.0999755859375,1377.0999755859375,1362.800048828125,1364.0,14604684,RELIANCE.NS
2025-10-01,1367.0,1378.5999755859375,1362.699951171875,1368.699951171875,12045916,RELIANCE.NS
2025-10-03,1363.199951171875,1371.5999755859375,1356.9000244140625,1363.4000244140625,12842347,RELIANCE.NS
2025-10-06,1360.0,1377.4000244140625,1359.0,1375.0,12396580,RELIANCE.NS
2025-10-07,1376.0,1395.9000244140625,1375.9000244140625,1384.800048828125,11244040,RELIANCE.NS
2025-10-08,1384.800048828125,1389.0,1364.5,1367.4000244140625,8525081,RELIANCE.NS
2025-10-09,1374.0,1380.0,1369.0999755859375,1377.800048828125,8826633,RELIANCE.NS
2025-10-10,1377.800048828125,1388.0,1375.0999755859375,1381.699951171875,6373084,RELIANCE.NS
2025-10-13,1376.9000244140625,1377.699951171875,1367.800048828125,1375.0,7600682,RELIANCE.NS
2025-10-14,1380.0,1388.0,1370.0999755859375,1375.9000244140625,9768174,RELIANCE.NS
2025-10-15,1383.0,1384.0,1372.699951171875,1374.300048828125,10882743,RELIANCE.NS
2025-10-16,1375.0999755859375,1400.5,1375.0,1398.300048828125,12315932,RELIANCE.NS
2025-10-17,1401.0,1423.300048828125,1399.0999755859375,1416.800048828125,19335561,RELIANCE.NS
2025-10-20,1440.0,1473.800048828125,1433.300048828125,1466.800048828125,24721978,RELIANCE.NS
2025-10-21,1468.0,1474.0,1460.0,1465.199951171875,2066169,RELIANCE.NS
2025-10-23,1475.0,1482.9000244140625,1444.5999755859375,1448.4000244140625,18707090,RELIANCE.NS
2025-10-24,1450.0,1459.800048828125,1441.0,1451.5999755859375,9700837,RELIANCE.NS
2025-10-27,1463.0,1485.0,1458.0,1484.0999755859375,14113867,RELIANCE.NS
2025-10-28,1484.0999755859375,1492.0,1477.5999755859375,1486.9000244140625,17631577,RELIANCE.NS
2025-10-29,1490.0,1508.300048828125,1488.0999755859375,1504.199951171875,11884745,RELIANCE.NS
2025-10-30,1500.0,1503.0999755859375,1484.0,1488.5,9318663,RELIANCE.NS
2025-10-31,1490.4000244140625,1497.5,1482.300048828125,1486.4000244140625,8758053,RELIANCE.NS
2025-11-03,1486.0,1495.0,1479.300048828125,1484.699951171875,8452085,RELIANCE.NS
2025-11-04,1483.9000244140625,1492.800048828125,1470.0999755859375,1473.0999755859375,10007806,RELIANCE.NS
2025-11-06,1484.0,1501.5999755859375,1476.199951171875,1496.0999755859375,16772678,RELIANCE.NS
2025-11-07,1494.5999755859375,1498.4000244140625,1475.9000244140625,1478.0,7821765,RELIANCE.NS
2025-11-10,1477.9000244140625,1501.0,1475.5,1489.300048828125,7068438,RELIANCE.NS
2025-11-11,1497.0,1498.800048828125,1480.199951171875,1493.4000244140625,7127506,RELIANCE.NS
2025-11-12,1505.0,1524.699951171875,1500.0,1511.5,12384459,RELIANCE.NS
2025-11-13,1515.0,1522.0999755859375,1506.800048828125,1510.9000244140625,7196443,RELIANCE.NS
2025-11-14,1505.5,1520.9000244140625,1505.5,1518.9000244140625,7682823,RELIANCE.NS
2025-11-17,1520.9000244140625,1523.699951171875,1511.5,1518.300048828125,5871416,RELIANCE.NS
2025-11-18,1521.699951171875,1527.800048828125,1510.5,1519.4000244140625,11045042,RELIANCE.NS
2025-11-19,1517.4000244140625,1522.300048828125,1512.0,1518.9000244140625,5692366,RELIANCE.NS
2025-11-20,1530.0,1550.9000244140625,1526.699951171875,1549.0999755859375,18171724,RELIANCE.NS
2025-11-21,1541.0,1557.800048828125,1540.0999755859375,1546.5999755859375,9615271,RELIANCE.NS
2025-11-24,1550.0,1550.0,1531.800048828125,1535.9000244140625,18433951,RELIANCE.NS
2025-11-25,1535.9000244140625,1559.5999755859375,1525.0999755859375,1539.699951171875,15033482,RELIANCE.NS
2025-11-26,1542.300048828125,1571.5999755859375,1540.5,1569.9000244140625,14054299,RELIANCE.NS
2025-11-27,1575.0,1575.5,1556.0,1563.4000244140625,9794643,RELIANCE.NS
2025-11-28,1568.0,1581.300048828125,1563.0,1567.5,8959508,RELIANCE.NS
2025-12-01,1575.0,1577.5,1563.5999755859375,1566.0999755859375,8920233,RELIANCE.NS
2025-12-02,1561.0999755859375,1567.5,1542.0,1546.300048828125,11389150,RELIANCE.NS
2025-12-03,1545.199951171875,1552.4000244140625,1533.0,1538.800048828125,6090883,RELIANCE.NS
2025-12-04,1536.0,1560.5,1517.5999755859375,1535.5999755859375,11867930,RELIANCE.NS
2025-12-05,1530.4000244140625,1545.800048828125,1520.5999755859375,1540.5999755859375,10183266,RELIANCE.NS
2025-12-08,1539.199951171875,1551.0,1535.0,1543.0,11301491,RELIANCE.NS
2025-12-09,1540.300048828125,1542.5,1520.0999755859375,1529.4000244140625,11503971,RELIANCE.NS
2025-12-10,1534.0,1547.5,1531.4000244140625,1536.9000244140625,7991629,RELIANCE.NS
2025-12-11,1536.9000244140625,1550.0,1524.0,1545.0,4706197,RELIANCE.NS
2025-12-12,1550.800048828125,1559.800048828125,1546.0999755859375,1556.5,5106655,RELIANCE.NS
2025-12-15,1551.199951171875,1558.5999755859375,1546.5,1556.199951171875,5774543,RELIANCE.NS
2025-12-16,1545.0,1551.699951171875,1538.800048828125,1542.300048828125,11731856,RELIANCE.NS
2025-12-17,1550.0,1550.0,1539.300048828125,1544.4000244140625,7116649,RELIANCE.NS
2025-12-18,1535.199951171875,1551.5,1535.199951171875,1544.4000244140625,6580829,RELIANCE.NS
2025-12-19,1554.4000244140625,1574.199951171875,1551.0,1565.0999755859375,13937275,RELIANCE.NS
2025-12-22,1573.5,1577.5,1565.300048828125,1575.4000244140625,10184852,RELIANCE.NS
2025-12-23,1580.9000244140625,1580.9000244140625,1568.0999755859375,1570.699951171875,7506564,RELIANCE.NS
2025-12-24,1572.699951171875,1575.699951171875,1553.5999755859375,1558.199951171875,8815745,RELIANCE.NS
2025-12-26,1554.699951171875,1561.0,1554.300048828125,1559.199951171875,2311495,RELIANCE.NS
2025-12-29,1554.9000244140625,1558.0999755859375,1543.5999755859375,1545.5999755859375,5972105,RELIANCE.NS
2025-12-30,1547.0,1553.5999755859375,1537.800048828125,1539.800048828125,8815884,RELIANCE.NS
2025-12-31,1541.0,1577.0,1541.0,1570.4000244140625,5771830,RELIANCE.NS
2026-01-01,1573.699951171875,1592.5,1571.0999755859375,1575.5999755859375,6408128,RELIANCE.NS
2026-01-02,1580.0,1594.5999755859375,1578.199951171875,1592.300048828125,6602230,RELIANCE.NS
2026-01-05,1593.0,1611.800048828125,1575.300048828125,1578.0999755859375,8704973,RELIANCE.NS
2026-01-06,1569.0,1569.0,1496.300048828125,1507.5999755859375,27417125,RELIANCE.NS
2026-01-07,1510.0,1520.0,1498.0,1504.199951171875,11199340,RELIANCE.NS
2026-01-08,1500.0,1503.9000244140625,1468.800048828125,1470.5999755859375,16518684,RELIANCE.NS
2026-01-09,1465.0,1479.9000244140625,1465.0,1475.300048828125,8335311,RELIANCE.NS
2026-01-12,1475.300048828125,1485.300048828125,1451.0,1483.199951171875,8883745,RELIANCE.NS
2026-01-13,1485.0,1485.800048828125,1444.699951171875,1452.800048828125,13499760,RELIANCE.NS
2026-01-14,1444.0,1467.0,1440.199951171875,1458.800048828125,8321764,RELIANCE.NS
2026-01-15,1458.800048828125,1458.800048828125,1458.800048828125,1458.800048828125,0,RELIANCE.NS
2026-01-16,1458.800048828125,1480.0,1455.0999755859375,1457.9000244140625,17167161,RELIANCE.NS
2026-01-19,1450.5999755859375,1450.5999755859375,1403.300048828125,1413.5999755859375,20392765,RELIANCE.NS
2026-01-20,1410.699951171875,1416.0,1390.0,1394.0,13189498,RELIANCE.NS
2026-01-21,1389.5,1412.9000244140625,1373.0,1404.5999755859375,17352720,RELIANCE.NS
2026-01-22,1410.0999755859375,1419.5,1395.0,1402.5,15721693,RELIANCE.NS
2026-01-23,1401.800048828125,1407.0,1381.0,1386.0999755859375,9837802,RELIANCE.NS
2026-01-27,1380.0,1391.5999755859375,1368.0,1380.5,26302396,RELIANCE.NS
2026-01-28,1385.0,1409.9000244140625,1384.9000244140625,1396.699951171875,11121657,RELIANCE.NS
2026-01-29,1402.9000244140625,1402.9000244140625,1384.0,1391.0,20846683,RELIANCE.NS
2026-01-30,1382.5999755859375,1398.0,1378.5,1395.4000244140625,11239835,RELIANCE.NS
2026-02-02,1340.0,1392.9000244140625,1335.5,1390.4000244140625,15711165,RELIANCE.NS
2026-02-03,1473.9000244140625,1489.5,1430.199951171875,1437.0999755859375,25456171,RELIANCE.NS
2026-02-04,1444.0,1464.0,1440.300048828125,1456.800048828125,8333387,RELIANCE.NS
2026-02-05,1457.0,1461.5,1439.5,1443.4000244140625,11763658,RELIANCE.NS
2026-02-06,1441.5,1452.800048828125,1433.5,1450.800048828125,8277304,RELIANCE.NS
2026-02-09,1458.0,1465.9000244140625,1453.0,1461.5999755859375,5775864,RELIANCE.NS
2026-02-10,1471.0,1471.0,1452.199951171875,1458.5,10259630,RELIANCE.NS
2026-02-11,1459.5999755859375,1470.0,1453.5999755859375,1468.699951171875,7106877,RELIANCE.NS
2026-02-12,1470.0,1473.0,1445.5,1448.9000244140625,11135399,RELIANCE.NS
2026-02-13,1445.5,1450.699951171875,1416.300048828125,1419.5999755859375,10755693,RELIANCE.NS
2026-02-16,1420.0999755859375,1439.5999755859375,1409.300048828125,1437.0999755859375,5896514,RELIANCE.NS
2026-02-17,1431.0999755859375,1431.800048828125,1418.5999755859375,1423.0,10731630,RELIANCE.NS
2026-02-18,1427.0,1442.0999755859375,1419.199951171875,1441.300048828125,5521096,RELIANCE.NS
2026-02-19,1443.0,1443.0,1400.0,1409.5,11884664,RELIANCE.NS
2026-02-20,1409.5,1427.4000244140625,1406.0999755859375,1419.4000244140625,8177670,RELIANCE.NS
2026-02-23,1425.0,1434.9000244140625,1418.300048828125,1428.0,7758856,RELIANCE.NS
2026-02-24,1425.300048828125,1433.300048828125,1415.0,1428.800048828125,12529409,RELIANCE.NS
2026-02-25,1435.0,1440.5,1393.5,1398.5,10728792,RELIANCE.NS
2026-02-26,1398.5,1412.9000244140625,1391.9000244140625,1406.800048828125,16683858,RELIANCE.NS
2026-02-27,1398.0,1410.4000244140625,1388.0999755859375,1393.9000244140625,12031440,RELIANCE.NS
2026-03-02,1375.5,1378.5999755859375,1341.5,1358.0,23728722,RELIANCE.NS
2026-03-04,1330.0,1352.800048828125,1307.0,1345.0,32495007,RELIANCE.NS
2026-03-05,1353.0999755859375,1399.0,1353.0999755859375,1389.4000244140625,25957532,RELIANCE.NS
2026-03-06,1396.5,1424.300048828125,1390.300048828125,1404.800048828125,19311971,RELIANCE.NS
2026-03-09,1375.0,1429.4000244140625,1370.0,1424.0,24870822,RELIANCE.NS
2026-03-10,1430.5999755859375,1431.5,1400.5999755859375,1408.800048828125,18071259,RELIANCE.NS
2026-03-11,1424.9000244140625,1434.0,1383.5999755859375,1390.199951171875,21848087,RELIANCE.NS
2026-03-12,1390.0,1410.9000244140625,1381.0999755859375,1392.199951171875,20939959,RELIANCE.NS
2026-03-13,1385.199951171875,1400.800048828125,1378.4000244140625,1380.699951171875,17265090,RELIANCE.NS
2026-03-16,1380.0,1397.300048828125,1363.5,1395.0999755859375,22837802,RELIANCE.NS
2026-03-17,1399.0,1405.9000244140625,1388.199951171875,1397.5999755859375,19007744,RELIANCE.NS
2026-03-18,1397.199951171875,1412.9000244140625,1397.199951171875,1408.0999755859375,9559327,RELIANCE.NS
2026-03-19,1388.0,1415.699951171875,1376.0999755859375,1384.800048828125,16498373,RELIANCE.NS
2026-03-20,1398.0,1430.0,1396.0999755859375,1414.4000244140625,22994918,RELIANCE.NS
2026-03-23,1400.0,1415.5999755859375,1391.0,1407.800048828125,18979554,RELIANCE.NS
2026-03-24,1420.0,1422.4000244140625,1406.5999755859375,1411.800048828125,18620893,RELIANCE.NS
2026-03-25,1420.0,1430.5,1408.4000244140625,1413.0999755859375,19041331,RELIANCE.NS
2026-03-27,1401.0,1404.699951171875,1345.0,1348.0999755859375,23266517,RELIANCE.NS
2026-03-30,1335.0,1365.0,1334.0999755859375,1343.9000244140625,24393861,RELIANCE.NS
2026-04-01,1384.199951171875,1384.4000244140625,1362.9000244140625,1369.199951171875,14404619,RELIANCE.NS
2026-04-02,1357.0,1358.199951171875,1328.0,1350.5,21280051,RELIANCE.NS
2026-04-06,1359.0,1359.0,1290.0,1304.699951171875,29274881,RELIANCE.NS
2026-04-07,1295.0,1308.300048828125,1291.0,1304.5999755859375,28388922,RELIANCE.NS
2026-04-08,1349.0,1350.5999755859375,1326.199951171875,1347.800048828125,21817543,RELIANCE.NS
2026-04-09,1346.0,1350.0,1326.300048828125,1330.0,20725390,RELIANCE.NS
2026-04-10,1337.0,1352.300048828125,1331.5,1350.199951171875,19364461,RELIANCE.NS
2026-04-13,1321.199951171875,1327.5999755859375,1310.0,1315.0999755859375,28753269,RELIANCE.NS
2026-04-15,1337.0,1347.0,1334.199951171875,1344.0999755859375,15313779,RELIANCE.NS
2026-04-16,1352.0,1353.800048828125,1330.0,1343.300048828125,30211012,RELIANCE.NS
2026-04-17,1340.0,1368.4000244140625,1340.0,1365.0,13869105,RELIANCE.NS
2026-04-20,1363.199951171875,1373.0,1352.800048828125,1363.300048828125,13614733,RELIANCE.NS
2026-04-21,1359.0,1369.800048828125,1350.0999755859375,1353.300048828125,27293629,RELIANCE.NS
2026-04-22,1350.300048828125,1366.0,1349.0999755859375,1362.0999755859375,9525953,RELIANCE.NS
2026-04-23,1346.0,1355.5,1340.699951171875,1343.4000244140625,16385079,RELIANCE.NS
2026-04-24,1340.0,1345.9000244140625,1325.0,1327.800048828125,11744802,RELIANCE.NS
2026-04-27,1313.0,1371.5999755859375,1311.0,1365.800048828125,24673098,RELIANCE.NS
2026-04-28,1358.0,1395.199951171875,1357.0,1388.9000244140625,41027699,RELIANCE.NS
2026-04-29,1392.0,1433.800048828125,1391.300048828125,1425.4000244140625,30542143,RELIANCE.NS
2026-04-30,1409.0,1437.0,1393.0999755859375,1430.800048828125,30957881,RELIANCE.NS
